league,target_metric,conditioning_size,independence,removed_metric
mlv,K_S,29,0.153785376509679,NA
mlv,K_S,28,0.19431327888076,PTS_S
mlv,K_S,27,0.257800280215304,E_S
mlv,K_S,26,0.410665993885729,Kill_Rate_Rally_Point
mlv,K_S,25,0.463689890820159,D_S
mlv,K_S,24,0.491421192113809,RE_S
mlv,K_S,23,0.518693487019828,SE_S
mlv,K_S,22,0.593855939915895,SA_S
mlv,K_S,21,0.637562200254782,B_S
mlv,K_S,20,0.680898232705097,BT_S
mlv,K_S,19,0.730616758609225,AEV
mlv,K_S,18,0.766934101693538,Blocked_Rate
mlv,K_S,17,0.806007409971613,Dig_Rate
mlv,K_S,16,0.827692198259875,AST_S
mlv,K_S,15,0.858642306316748,Reception_Rate
mlv,K_S,14,0.881231195063184,Attack_Error_Rate_No_Blocks
mlv,K_S,13,0.89521002108931,Pct_Points_Won_On
mlv,K_S,12,0.908645795368509,Srv_Eff
mlv,K_S,11,0.921257094577308,Srv_Avg
mlv,K_S,10,0.934888403835165,K%
mlv,K_S,9,0.946656703461392,Pass_Eff
mlv,K_S,8,0.960194960267447,Dig_Kill_Pct
mlv,K_S,7,0.967590763931307,Transition_Hit_Avg
mlv,K_S,6,0.972826787783129,PSF
mlv,K_S,5,0.977316681663073,Transition_Hit_Pct
mlv,K_S,4,0.985348845709522,Eff
mlv,K_S,3,0.987956475841479,SR_Hit_Avg
mlv,K_S,2,0.995128958648776,SR_Hit_Pct
mlv,K_S,1,0.998491245859658,APM
mlv,K_S,0,1.0,Dig_Att_Cnv_Pct
mlv,E_S,29,0.211614429598049,NA
mlv,E_S,28,0.233609513624247,K_S
mlv,E_S,27,0.30131633520951,PTS_S
mlv,E_S,26,0.393470168378276,Kill_Rate_Rally_Point
mlv,E_S,25,0.44767745111856,D_S
mlv,E_S,24,0.495555753541566,Blocked_Rate
mlv,E_S,23,0.5279360317244,RE_S
mlv,E_S,22,0.550783938035009,B_S
mlv,E_S,21,0.575461161237159,SE_S
mlv,E_S,20,0.660131626100726,SA_S
mlv,E_S,19,0.702143384282262,Attack_Error_Rate_No_Blocks
mlv,E_S,18,0.738999839516266,AEV
mlv,E_S,17,0.775516887881607,BT_S
mlv,E_S,16,0.823181304550227,Dig_Rate
mlv,E_S,15,0.848934375592354,AST_S
mlv,E_S,14,0.880282862253482,Reception_Rate
mlv,E_S,13,0.899748402365374,Eff
mlv,E_S,12,0.913415558899107,Srv_Eff
mlv,E_S,11,0.931245107725411,Srv_Avg
mlv,E_S,10,0.943594843903114,Pass_Eff
mlv,E_S,9,0.958326382872129,Dig_Kill_Pct
mlv,E_S,8,0.966402193322096,Transition_Hit_Pct
mlv,E_S,7,0.973489929811896,K%
mlv,E_S,6,0.97940552979281,APM
mlv,E_S,5,0.984745424579985,SR_Hit_Pct
mlv,E_S,4,0.998093564225938,SR_Hit_Avg
mlv,E_S,3,0.999385607800357,PSF
mlv,E_S,2,0.99974176283507,Pct_Points_Won_On
mlv,E_S,1,0.999999939944874,Dig_Att_Cnv_Pct
mlv,E_S,0,1.0,Transition_Hit_Avg
mlv,AST_S,29,0.50650841939135,NA
mlv,AST_S,28,0.574811917605122,D_S
mlv,AST_S,27,0.634019079534938,Dig_Rate
mlv,AST_S,26,0.671844466252379,Reception_Rate
mlv,AST_S,25,0.703026554554925,APM
mlv,AST_S,24,0.738459377503536,Kill_Rate_Rally_Point
mlv,AST_S,23,0.772008950349623,Pct_Points_Won_On
mlv,AST_S,22,0.788506042166923,Dig_Att_Cnv_Pct
mlv,AST_S,21,0.805816741548569,PSF
mlv,AST_S,20,0.819624053932355,B_S
mlv,AST_S,19,0.826531637359048,RE_S
mlv,AST_S,18,0.833717797695845,AEV
mlv,AST_S,17,0.839294201408854,Blocked_Rate
mlv,AST_S,16,0.848616112059907,K%
mlv,AST_S,15,0.853789732519681,E_S
mlv,AST_S,14,0.860739849515329,Attack_Error_Rate_No_Blocks
mlv,AST_S,13,0.867551986733143,Eff
mlv,AST_S,12,0.873844687790246,Pass_Eff
mlv,AST_S,11,0.879348668149113,PTS_S
mlv,AST_S,10,0.922398019305814,K_S
mlv,AST_S,9,0.926391559482092,Transition_Hit_Pct
mlv,AST_S,8,0.93039687307771,Srv_Eff
mlv,AST_S,7,0.952836331476711,Srv_Avg
mlv,AST_S,6,0.992768825909936,SE_S
mlv,AST_S,5,0.996961516808026,Transition_Hit_Avg
mlv,AST_S,4,0.99841884183285,BT_S
mlv,AST_S,3,0.999528147303383,SR_Hit_Pct
mlv,AST_S,2,0.999808338397477,Dig_Kill_Pct
mlv,AST_S,1,0.999985479276115,SA_S
mlv,AST_S,0,1.0,SR_Hit_Avg
mlv,SA_S,29,0.409627331039429,NA
mlv,SA_S,28,0.57581304796562,SE_S
mlv,SA_S,27,0.606291080720996,Srv_Avg
mlv,SA_S,26,0.62999216996311,PTS_S
mlv,SA_S,25,0.650217539076785,PSF
mlv,SA_S,24,0.670236675148852,AST_S
mlv,SA_S,23,0.686761760359162,K_S
mlv,SA_S,22,0.715831992459471,E_S
mlv,SA_S,21,0.752753650571092,Kill_Rate_Rally_Point
mlv,SA_S,20,0.778355113071191,AEV
mlv,SA_S,19,0.798187992677324,Attack_Error_Rate_No_Blocks
mlv,SA_S,18,0.814142745657596,B_S
mlv,SA_S,17,0.83246292212329,Dig_Rate
mlv,SA_S,16,0.859895752360116,BT_S
mlv,SA_S,15,0.898379437800882,APM
mlv,SA_S,14,0.921518985975538,RE_S
mlv,SA_S,13,0.933415796309869,Dig_Att_Cnv_Pct
mlv,SA_S,12,0.947914719441146,K%
mlv,SA_S,11,0.962627529559754,Blocked_Rate
mlv,SA_S,10,0.96625997765439,Pct_Points_Won_On
mlv,SA_S,9,0.969747376937118,Eff
mlv,SA_S,8,0.972807985774353,Pass_Eff
mlv,SA_S,7,0.97522102837463,SR_Hit_Avg
mlv,SA_S,6,0.98438865844734,SR_Hit_Pct
mlv,SA_S,5,0.986506982568726,Srv_Eff
mlv,SA_S,4,0.989701054342878,D_S
mlv,SA_S,3,0.991086488719239,Transition_Hit_Avg
mlv,SA_S,2,0.998862401081494,Transition_Hit_Pct
mlv,SA_S,1,0.99970269454081,Reception_Rate
mlv,SA_S,0,1.0,Dig_Kill_Pct
mlv,SE_S,29,0.267163170933885,NA
mlv,SE_S,28,0.375551209850284,SA_S
mlv,SE_S,27,0.409902084389556,Srv_Eff
mlv,SE_S,26,0.590195757988358,Srv_Avg
mlv,SE_S,25,0.599852134412011,PTS_S
mlv,SE_S,24,0.61281895772431,K_S
mlv,SE_S,23,0.638736269832277,E_S
mlv,SE_S,22,0.705023560068122,Kill_Rate_Rally_Point
mlv,SE_S,21,0.722355990344098,B_S
mlv,SE_S,20,0.753513482786125,BT_S
mlv,SE_S,19,0.779325226534638,Dig_Rate
mlv,SE_S,18,0.81007551098178,APM
mlv,SE_S,17,0.833314018746302,Blocked_Rate
mlv,SE_S,16,0.854673562805937,RE_S
mlv,SE_S,15,0.87339590540647,Attack_Error_Rate_No_Blocks
mlv,SE_S,14,0.903872335847214,K%
mlv,SE_S,13,0.918961600011611,AST_S
mlv,SE_S,12,0.9327551146729,Dig_Att_Cnv_Pct
mlv,SE_S,11,0.94674387227834,Eff
mlv,SE_S,10,0.96003407982204,AEV
mlv,SE_S,9,0.970075125698786,Reception_Rate
mlv,SE_S,8,0.975285735784368,SR_Hit_Avg
mlv,SE_S,7,0.984880551485269,SR_Hit_Pct
mlv,SE_S,6,0.988404942668235,D_S
mlv,SE_S,5,0.992083642841286,Pass_Eff
mlv,SE_S,4,0.994335577795197,Pct_Points_Won_On
mlv,SE_S,3,0.997039121051983,PSF
mlv,SE_S,2,0.998340148050032,Transition_Hit_Avg
mlv,SE_S,1,0.999988082808237,Transition_Hit_Pct
mlv,SE_S,0,1.0,Dig_Kill_Pct
mlv,RE_S,29,0.47711700089409,NA
mlv,RE_S,28,0.706378385238398,Reception_Rate
mlv,RE_S,27,0.718961281169999,D_S
mlv,RE_S,26,0.733253322497464,E_S
mlv,RE_S,25,0.748764952142885,K_S
mlv,RE_S,24,0.772540258392916,PTS_S
mlv,RE_S,23,0.792571098716669,Kill_Rate_Rally_Point
mlv,RE_S,22,0.815264910142087,APM
mlv,RE_S,21,0.833900165672311,SE_S
mlv,RE_S,20,0.859165460328408,SA_S
mlv,RE_S,19,0.874747735083718,K%
mlv,RE_S,18,0.888083572178653,Eff
mlv,RE_S,17,0.899143216250811,B_S
mlv,RE_S,16,0.912124354350962,AEV
mlv,RE_S,15,0.923465303877642,Pct_Points_Won_On
mlv,RE_S,14,0.934505505663762,Pass_Eff
mlv,RE_S,13,0.943711771603314,Dig_Kill_Pct
mlv,RE_S,12,0.9529474575766,Dig_Att_Cnv_Pct
mlv,RE_S,11,0.965978662887507,Dig_Rate
mlv,RE_S,10,0.983618308803522,BT_S
mlv,RE_S,9,0.985581270420807,Attack_Error_Rate_No_Blocks
mlv,RE_S,8,0.986831467525042,SR_Hit_Avg
mlv,RE_S,7,0.995937215543698,SR_Hit_Pct
mlv,RE_S,6,0.997457634033211,Blocked_Rate
mlv,RE_S,5,0.998875219403207,PSF
mlv,RE_S,4,0.999384896720104,AST_S
mlv,RE_S,3,0.999507723591501,Srv_Eff
mlv,RE_S,2,0.999896660293286,Srv_Avg
mlv,RE_S,1,0.9999958266261,Transition_Hit_Avg
mlv,RE_S,0,1.0,Transition_Hit_Pct
mlv,D_S,29,0.314975119392141,NA
mlv,D_S,28,0.391265614789226,Dig_Rate
mlv,D_S,27,0.484348297172069,AST_S
mlv,D_S,26,0.533518704692557,APM
mlv,D_S,25,0.623756402550852,Pct_Points_Won_On
mlv,D_S,24,0.657923623462389,RE_S
mlv,D_S,23,0.688395132306115,Kill_Rate_Rally_Point
mlv,D_S,22,0.709175529882494,AEV
mlv,D_S,21,0.729712402706747,K%
mlv,D_S,20,0.753834456340928,Blocked_Rate
mlv,D_S,19,0.775693433746109,B_S
mlv,D_S,18,0.797244825328847,PSF
mlv,D_S,17,0.81249722334306,BT_S
mlv,D_S,16,0.82971653787316,Dig_Att_Cnv_Pct
mlv,D_S,15,0.849708625748516,Dig_Kill_Pct
mlv,D_S,14,0.862056778636714,Attack_Error_Rate_No_Blocks
mlv,D_S,13,0.872438497578401,K_S
mlv,D_S,12,0.879405701397864,Reception_Rate
mlv,D_S,11,0.890534671209911,Pass_Eff
mlv,D_S,10,0.895993698490019,E_S
mlv,D_S,9,0.930422763075924,PTS_S
mlv,D_S,8,0.934581428396287,Eff
mlv,D_S,7,0.938779975187839,Srv_Eff
mlv,D_S,6,0.969528444502292,Srv_Avg
mlv,D_S,5,0.987795703028248,SE_S
mlv,D_S,4,0.992902159372306,SA_S
mlv,D_S,3,0.995954926356247,SR_Hit_Avg
mlv,D_S,2,0.999701060658823,SR_Hit_Pct
mlv,D_S,1,0.999881594708717,Transition_Hit_Pct
mlv,D_S,0,1.0,Transition_Hit_Avg
mlv,BT_S,29,0.480522103678927,NA
mlv,BT_S,28,0.51982338122075,B_S
mlv,BT_S,27,0.570839120630605,Dig_Rate
mlv,BT_S,26,0.607921488775211,APM
mlv,BT_S,25,0.632738545922682,SE_S
mlv,BT_S,24,0.647630139614432,Reception_Rate
mlv,BT_S,23,0.66271573558816,PTS_S
mlv,BT_S,22,0.679854152390309,K_S
mlv,BT_S,21,0.692870228296564,Eff
mlv,BT_S,20,0.705459398167777,Dig_Att_Cnv_Pct
mlv,BT_S,19,0.719709358366125,RE_S
mlv,BT_S,18,0.735469355678404,K%
mlv,BT_S,17,0.755100630897454,D_S
mlv,BT_S,16,0.77522243341823,Pass_Eff
mlv,BT_S,15,0.79482559587784,SA_S
mlv,BT_S,14,0.812823874197418,Kill_Rate_Rally_Point
mlv,BT_S,13,0.84322336888193,E_S
mlv,BT_S,12,0.874568490002664,AEV
mlv,BT_S,11,0.886155130647421,Dig_Kill_Pct
mlv,BT_S,10,0.895852969475928,Pct_Points_Won_On
mlv,BT_S,9,0.901067281497063,Blocked_Rate
mlv,BT_S,8,0.905035808769501,Srv_Eff
mlv,BT_S,7,0.909117678765215,SR_Hit_Avg
mlv,BT_S,6,0.963461386187123,SR_Hit_Pct
mlv,BT_S,5,0.966149491435441,Srv_Avg
mlv,BT_S,4,0.967885722628631,AST_S
mlv,BT_S,3,0.970185517322295,PSF
mlv,BT_S,2,0.971811212241202,Transition_Hit_Avg
mlv,BT_S,1,0.995700836441566,Transition_Hit_Pct
mlv,BT_S,0,1.0,Attack_Error_Rate_No_Blocks
mlv,B_S,29,0.455697151821147,NA
mlv,B_S,28,0.492968028855991,BT_S
mlv,B_S,27,0.535029721331608,PTS_S
mlv,B_S,26,0.573359711586488,Dig_Rate
mlv,B_S,25,0.60159177556217,Dig_Att_Cnv_Pct
mlv,B_S,24,0.625168867266373,APM
mlv,B_S,23,0.650600051746849,D_S
mlv,B_S,22,0.667868730503177,SE_S
mlv,B_S,21,0.68448694126729,SA_S
mlv,B_S,20,0.700890071096279,Dig_Kill_Pct
mlv,B_S,19,0.714516161029293,PSF
mlv,B_S,18,0.726800225020212,K_S
mlv,B_S,17,0.756301972663531,E_S
mlv,B_S,16,0.801928602038834,Kill_Rate_Rally_Point
mlv,B_S,15,0.830645860292014,AST_S
mlv,B_S,14,0.85116950359296,AEV
mlv,B_S,13,0.872168036172203,Blocked_Rate
mlv,B_S,12,0.881393042124947,RE_S
mlv,B_S,11,0.888051138977453,K%
mlv,B_S,10,0.912406296234637,Eff
mlv,B_S,9,0.918853175683027,Attack_Error_Rate_No_Blocks
mlv,B_S,8,0.92471097702786,Reception_Rate
mlv,B_S,7,0.929945827634453,Srv_Eff
mlv,B_S,6,0.938414985776588,Srv_Avg
mlv,B_S,5,0.943335251761145,Pass_Eff
mlv,B_S,4,0.950699106236754,Pct_Points_Won_On
mlv,B_S,3,0.95412355882091,SR_Hit_Avg
mlv,B_S,2,0.989294363219867,SR_Hit_Pct
mlv,B_S,1,0.991816909308712,Transition_Hit_Avg
mlv,B_S,0,1.0,Transition_Hit_Pct
mlv,PTS_S,29,0.145741820892636,NA
mlv,PTS_S,28,0.184149961006976,K_S
mlv,PTS_S,27,0.237521967828955,E_S
mlv,PTS_S,26,0.363854099561844,Kill_Rate_Rally_Point
mlv,PTS_S,25,0.406315487445455,D_S
mlv,PTS_S,24,0.447746538377409,B_S
mlv,PTS_S,23,0.476801610969158,SE_S
mlv,PTS_S,22,0.573369988107939,SA_S
mlv,PTS_S,21,0.619853600256259,RE_S
mlv,PTS_S,20,0.668092544611391,BT_S
mlv,PTS_S,19,0.718223499929421,AEV
mlv,PTS_S,18,0.754010706348386,Dig_Rate
mlv,PTS_S,17,0.801023583505273,Blocked_Rate
mlv,PTS_S,16,0.826867976797639,Pct_Points_Won_On
mlv,PTS_S,15,0.845593352891505,PSF
mlv,PTS_S,14,0.862285463799943,Attack_Error_Rate_No_Blocks
mlv,PTS_S,13,0.877600542507113,AST_S
mlv,PTS_S,12,0.898980053051177,Reception_Rate
mlv,PTS_S,11,0.914306579215516,Srv_Eff
mlv,PTS_S,10,0.925153881216177,K%
mlv,PTS_S,9,0.933686280826776,Pass_Eff
mlv,PTS_S,8,0.944079395601076,Dig_Kill_Pct
mlv,PTS_S,7,0.951322592393604,Srv_Avg
mlv,PTS_S,6,0.957855054469822,Transition_Hit_Avg
mlv,PTS_S,5,0.960971074768108,Eff
mlv,PTS_S,4,0.970513748799655,Transition_Hit_Pct
mlv,PTS_S,3,0.976154684358158,APM
mlv,PTS_S,2,0.981513468788195,Dig_Att_Cnv_Pct
mlv,PTS_S,1,0.98514924987899,SR_Hit_Avg
mlv,PTS_S,0,1.0,SR_Hit_Pct
mlv,K%,29,0.226894235419119,NA
mlv,K%,28,0.339299493694351,Eff
mlv,K%,27,0.364023254393942,SR_Hit_Avg
mlv,K%,26,0.544934783597455,SR_Hit_Pct
mlv,K%,25,0.559936597437876,E_S
mlv,K%,24,0.583797751396819,Blocked_Rate
mlv,K%,23,0.598683825890596,RE_S
mlv,K%,22,0.612757441308617,Pct_Points_Won_On
mlv,K%,21,0.622089986928978,Transition_Hit_Avg
mlv,K%,20,0.741557014393457,Transition_Hit_Pct
mlv,K%,19,0.757685916735205,Kill_Rate_Rally_Point
mlv,K%,18,0.769672569191571,PSF
mlv,K%,17,0.780851839603066,BT_S
mlv,K%,16,0.791232904437888,Reception_Rate
mlv,K%,15,0.805987142758877,AST_S
mlv,K%,14,0.813321346590508,Attack_Error_Rate_No_Blocks
mlv,K%,13,0.820983217696374,Dig_Rate
mlv,K%,12,0.829416558041925,APM
mlv,K%,11,0.853817872890095,D_S
mlv,K%,10,0.870776537503303,B_S
mlv,K%,9,0.883869542254213,Pass_Eff
mlv,K%,8,0.896167025242788,Dig_Kill_Pct
mlv,K%,7,0.918317660266023,Dig_Att_Cnv_Pct
mlv,K%,6,0.925227925483703,PTS_S
mlv,K%,5,0.930506233246702,AEV
mlv,K%,4,0.935426997519377,SE_S
mlv,K%,3,0.947964951412685,SA_S
mlv,K%,2,0.979023955960235,K_S
mlv,K%,1,0.984442809435196,Srv_Eff
mlv,K%,0,1.0,Srv_Avg
mlv,Eff,29,0.180414488133671,NA
mlv,Eff,28,0.269793299798052,K%
mlv,Eff,27,0.286530222806691,Blocked_Rate
mlv,Eff,26,0.302568032816317,SR_Hit_Avg
mlv,Eff,25,0.472740422803901,SR_Hit_Pct
mlv,Eff,24,0.523750693769108,E_S
mlv,Eff,23,0.557065216399544,Attack_Error_Rate_No_Blocks
mlv,Eff,22,0.574744505736702,Pct_Points_Won_On
mlv,Eff,21,0.589327951483512,Transition_Hit_Pct
mlv,Eff,20,0.763133788119776,Transition_Hit_Avg
mlv,Eff,19,0.784953089097034,AST_S
mlv,Eff,18,0.811781937929487,BT_S
mlv,Eff,17,0.824436575519735,Pass_Eff
mlv,Eff,16,0.83705229665659,AEV
mlv,Eff,15,0.850961312053803,D_S
mlv,Eff,14,0.857586211140833,PSF
mlv,Eff,13,0.864343807148529,B_S
mlv,Eff,12,0.871297581309143,Dig_Rate
mlv,Eff,11,0.878980628807694,APM
mlv,Eff,10,0.888769451023493,RE_S
mlv,Eff,9,0.919379383085325,Reception_Rate
mlv,Eff,8,0.934232586216279,Dig_Kill_Pct
mlv,Eff,7,0.946529041932407,Kill_Rate_Rally_Point
mlv,Eff,6,0.958992711124847,Dig_Att_Cnv_Pct
mlv,Eff,5,0.965820813156041,PTS_S
mlv,Eff,4,0.972919729901172,SE_S
mlv,Eff,3,0.979260555253766,SA_S
mlv,Eff,2,0.998178077828506,K_S
mlv,Eff,1,0.999005353504248,Srv_Eff
mlv,Eff,0,1.0,Srv_Avg
mlv,Pass_Eff,29,0.786773767569886,NA
mlv,Pass_Eff,28,0.825934138827041,Reception_Rate
mlv,Pass_Eff,27,0.839936641609517,AST_S
mlv,Pass_Eff,26,0.853060501676019,Pct_Points_Won_On
mlv,Pass_Eff,25,0.86273638516072,BT_S
mlv,Pass_Eff,24,0.87478630255159,APM
mlv,Pass_Eff,23,0.885258284898333,Dig_Kill_Pct
mlv,Pass_Eff,22,0.89015262945198,RE_S
mlv,Pass_Eff,21,0.895431572930612,Dig_Att_Cnv_Pct
mlv,Pass_Eff,20,0.90149193717808,AEV
mlv,Pass_Eff,19,0.906751943583397,Dig_Rate
mlv,Pass_Eff,18,0.915539658460092,D_S
mlv,Pass_Eff,17,0.926054416892258,B_S
mlv,Pass_Eff,16,0.932265346378267,Eff
mlv,Pass_Eff,15,0.940801065564312,K%
mlv,Pass_Eff,14,0.944425733039012,SE_S
mlv,Pass_Eff,13,0.95214894767917,SA_S
mlv,Pass_Eff,12,0.955326797489409,Srv_Eff
mlv,Pass_Eff,11,0.960801103527983,Srv_Avg
mlv,Pass_Eff,10,0.963334961796772,PTS_S
mlv,Pass_Eff,9,0.965615077544743,Blocked_Rate
mlv,Pass_Eff,8,0.968114886478249,E_S
mlv,Pass_Eff,7,0.971183198276414,K_S
mlv,Pass_Eff,6,0.977776676741564,Kill_Rate_Rally_Point
mlv,Pass_Eff,5,0.978430829389127,Transition_Hit_Pct
mlv,Pass_Eff,4,0.990048198963213,Transition_Hit_Avg
mlv,Pass_Eff,3,0.991988193892567,Attack_Error_Rate_No_Blocks
mlv,Pass_Eff,2,0.992357607710377,SR_Hit_Avg
mlv,Pass_Eff,1,0.999702277905506,SR_Hit_Pct
mlv,Pass_Eff,0,1.0,PSF
mlv,Srv_Eff,29,0.156306010636828,NA
mlv,Srv_Eff,28,0.40014495405238,Srv_Avg
mlv,Srv_Eff,27,0.746617778705267,SE_S
mlv,Srv_Eff,26,0.769438786839235,PSF
mlv,Srv_Eff,25,0.796066416172098,AEV
mlv,Srv_Eff,24,0.818050931325239,SA_S
mlv,Srv_Eff,23,0.832759843837681,Kill_Rate_Rally_Point
mlv,Srv_Eff,22,0.844571088718077,D_S
mlv,Srv_Eff,21,0.862302191585214,AST_S
mlv,Srv_Eff,20,0.876550415541909,Pct_Points_Won_On
mlv,Srv_Eff,19,0.886883224249211,Blocked_Rate
mlv,Srv_Eff,18,0.902049159921756,K%
mlv,Srv_Eff,17,0.911364756954411,Dig_Kill_Pct
mlv,Srv_Eff,16,0.918050276876349,E_S
mlv,Srv_Eff,15,0.924560014120127,Attack_Error_Rate_No_Blocks
mlv,Srv_Eff,14,0.930482417302124,K_S
mlv,Srv_Eff,13,0.944488549101359,PTS_S
mlv,Srv_Eff,12,0.949889515638959,Dig_Rate
mlv,Srv_Eff,11,0.961069540949522,APM
mlv,Srv_Eff,10,0.967166988039742,Dig_Att_Cnv_Pct
mlv,Srv_Eff,9,0.976735329550252,B_S
mlv,Srv_Eff,8,0.982792914982255,BT_S
mlv,Srv_Eff,7,0.988752006662879,Eff
mlv,Srv_Eff,6,0.993423573435284,Pass_Eff
mlv,Srv_Eff,5,0.995742097278286,SR_Hit_Pct
mlv,Srv_Eff,4,0.997818473433027,Reception_Rate
mlv,Srv_Eff,3,0.999361380797213,Transition_Hit_Pct
mlv,Srv_Eff,2,0.99984680280892,RE_S
mlv,Srv_Eff,1,0.999943626471963,Transition_Hit_Avg
mlv,Srv_Eff,0,1.0,SR_Hit_Avg
mlv,PSF,29,0.737454878717291,NA
mlv,PSF,28,0.756732272142852,Pct_Points_Won_On
mlv,PSF,27,0.778176042174125,AEV
mlv,PSF,26,0.789664021645042,SA_S
mlv,PSF,25,0.807582905724751,SE_S
mlv,PSF,24,0.818658944094399,Srv_Avg
mlv,PSF,23,0.870432950255078,Srv_Eff
mlv,PSF,22,0.88450803329319,AST_S
mlv,PSF,21,0.895058550637496,B_S
mlv,PSF,20,0.906002362912433,D_S
mlv,PSF,19,0.915169500331527,APM
mlv,PSF,18,0.934562902920901,Dig_Rate
mlv,PSF,17,0.941276411268133,Kill_Rate_Rally_Point
mlv,PSF,16,0.947156888486859,Dig_Kill_Pct
mlv,PSF,15,0.954141012615673,Dig_Att_Cnv_Pct
mlv,PSF,14,0.960260050104647,Reception_Rate
mlv,PSF,13,0.964104900364243,K%
mlv,PSF,12,0.972301395645946,Attack_Error_Rate_No_Blocks
mlv,PSF,11,0.975643742163013,E_S
mlv,PSF,10,0.977703637354478,Blocked_Rate
mlv,PSF,9,0.979573996146417,BT_S
mlv,PSF,8,0.981295148963525,Eff
mlv,PSF,7,0.9835222619975,SR_Hit_Avg
mlv,PSF,6,0.98967256514144,SR_Hit_Pct
mlv,PSF,5,0.991243077259667,Transition_Hit_Avg
mlv,PSF,4,0.996806799872461,Transition_Hit_Pct
mlv,PSF,3,0.997790614076142,RE_S
mlv,PSF,2,0.998109929456374,K_S
mlv,PSF,1,0.999702277905506,PTS_S
mlv,PSF,0,1.0,Pass_Eff
mlv,AEV,29,0.738768913294515,NA
mlv,AEV,28,0.755186843050198,PSF
mlv,AEV,27,0.767068275701038,Pct_Points_Won_On
mlv,AEV,26,0.777490102355107,Dig_Att_Cnv_Pct
mlv,AEV,25,0.786516920342597,D_S
mlv,AEV,24,0.793507971116047,APM
mlv,AEV,23,0.802049395965263,Dig_Rate
mlv,AEV,22,0.807786404233796,AST_S
mlv,AEV,21,0.813107717021469,Attack_Error_Rate_No_Blocks
mlv,AEV,20,0.817415930872765,SA_S
mlv,AEV,19,0.823466574906862,Srv_Avg
mlv,AEV,18,0.870205652349044,Srv_Eff
mlv,AEV,17,0.879628927835289,PTS_S
mlv,AEV,16,0.895202635241984,K_S
mlv,AEV,15,0.9095946692443,E_S
mlv,AEV,14,0.920826833833216,Kill_Rate_Rally_Point
mlv,AEV,13,0.934264758111633,RE_S
mlv,AEV,12,0.942470813973586,BT_S
mlv,AEV,11,0.955053459961519,B_S
mlv,AEV,10,0.961990179287753,SE_S
mlv,AEV,9,0.965852122254238,K%
mlv,AEV,8,0.967511915027044,Pass_Eff
mlv,AEV,7,0.968966370108232,SR_Hit_Pct
mlv,AEV,6,0.97310807760939,SR_Hit_Avg
mlv,AEV,5,0.984724431945046,Eff
mlv,AEV,4,0.985499968861829,Dig_Kill_Pct
mlv,AEV,3,0.986211432117398,Transition_Hit_Avg
mlv,AEV,2,0.997136747298204,Transition_Hit_Pct
mlv,AEV,1,0.999583227185693,Blocked_Rate
mlv,AEV,0,1.0,Reception_Rate
mlv,APM,29,0.368774315581271,NA
mlv,APM,28,0.500822304123618,Pct_Points_Won_On
mlv,APM,27,0.545943618917063,D_S
mlv,APM,26,0.587214219512848,Dig_Rate
mlv,APM,25,0.639402018903021,AST_S
mlv,APM,24,0.666880825151913,BT_S
mlv,APM,23,0.69333067361081,B_S
mlv,APM,22,0.713475649726801,RE_S
mlv,APM,21,0.733262017244102,Dig_Kill_Pct
mlv,APM,20,0.76306881485456,Dig_Att_Cnv_Pct
mlv,APM,19,0.785653952622882,Pass_Eff
mlv,APM,18,0.810163415831386,Reception_Rate
mlv,APM,17,0.831265210646644,PSF
mlv,APM,16,0.849790789463381,Blocked_Rate
mlv,APM,15,0.872973970370763,K%
mlv,APM,14,0.888751817860673,SE_S
mlv,APM,13,0.906183188681807,Eff
mlv,APM,12,0.916965072030411,SA_S
mlv,APM,11,0.923411801210845,PTS_S
mlv,APM,10,0.932680414953754,Kill_Rate_Rally_Point
mlv,APM,9,0.937055965093866,AEV
mlv,APM,8,0.941165028850804,Srv_Eff
mlv,APM,7,0.960027429368596,Srv_Avg
mlv,APM,6,0.964881797391095,Attack_Error_Rate_No_Blocks
mlv,APM,5,0.968258923571632,Transition_Hit_Avg
mlv,APM,4,0.982684727238952,Transition_Hit_Pct
mlv,APM,3,0.98501919922918,SR_Hit_Avg
mlv,APM,2,0.994177151250912,SR_Hit_Pct
mlv,APM,1,0.99902053106474,K_S
mlv,APM,0,1.0,E_S
mlv,SR_Hit_Pct,29,0.164214998908234,NA
mlv,SR_Hit_Pct,28,0.422054152883129,SR_Hit_Avg
mlv,SR_Hit_Pct,27,0.466780617572227,K%
mlv,SR_Hit_Pct,26,0.667251532531467,Eff
mlv,SR_Hit_Pct,25,0.740845296315928,Blocked_Rate
mlv,SR_Hit_Pct,24,0.801562777264798,E_S
mlv,SR_Hit_Pct,23,0.829779356136,Attack_Error_Rate_No_Blocks
mlv,SR_Hit_Pct,22,0.855987153098803,Pct_Points_Won_On
mlv,SR_Hit_Pct,21,0.868955190910559,BT_S
mlv,SR_Hit_Pct,20,0.879728154338215,RE_S
mlv,SR_Hit_Pct,19,0.890618646837266,AEV
mlv,SR_Hit_Pct,18,0.898898546502961,Kill_Rate_Rally_Point
mlv,SR_Hit_Pct,17,0.904449325586373,B_S
mlv,SR_Hit_Pct,16,0.913808503459431,Dig_Rate
mlv,SR_Hit_Pct,15,0.921039083387024,PSF
mlv,SR_Hit_Pct,14,0.92865756009555,Dig_Kill_Pct
mlv,SR_Hit_Pct,13,0.933434167143838,SE_S
mlv,SR_Hit_Pct,12,0.937415389483116,Transition_Hit_Pct
mlv,SR_Hit_Pct,11,0.959081597962203,Transition_Hit_Avg
mlv,SR_Hit_Pct,10,0.963707139089003,PTS_S
mlv,SR_Hit_Pct,9,0.970742908894756,K_S
mlv,SR_Hit_Pct,8,0.979638084835177,SA_S
mlv,SR_Hit_Pct,7,0.98453945427008,APM
mlv,SR_Hit_Pct,6,0.987162297366148,Pass_Eff
mlv,SR_Hit_Pct,5,0.990904987453663,Reception_Rate
mlv,SR_Hit_Pct,4,0.994974034435276,D_S
mlv,SR_Hit_Pct,3,0.999734182058801,Dig_Att_Cnv_Pct
mlv,SR_Hit_Pct,2,0.999780653999725,AST_S
mlv,SR_Hit_Pct,1,0.999807136211506,Srv_Avg
mlv,SR_Hit_Pct,0,1.0,Srv_Eff
mlv,Transition_Hit_Pct,29,0.171936701816486,NA
mlv,Transition_Hit_Pct,28,0.598172728414802,Transition_Hit_Avg
mlv,Transition_Hit_Pct,27,0.636955395701661,Eff
mlv,Transition_Hit_Pct,26,0.786274758062879,K%
mlv,Transition_Hit_Pct,25,0.814140739920398,Attack_Error_Rate_No_Blocks
mlv,Transition_Hit_Pct,24,0.835153215205513,Blocked_Rate
mlv,Transition_Hit_Pct,23,0.864686921473183,E_S
mlv,Transition_Hit_Pct,22,0.887296184796266,APM
mlv,Transition_Hit_Pct,21,0.900141422739799,AST_S
mlv,Transition_Hit_Pct,20,0.910404827475543,Pass_Eff
mlv,Transition_Hit_Pct,19,0.918796281865975,BT_S
mlv,Transition_Hit_Pct,18,0.925441263246392,PSF
mlv,Transition_Hit_Pct,17,0.931242967949597,Kill_Rate_Rally_Point
mlv,Transition_Hit_Pct,16,0.937605252311065,Reception_Rate
mlv,Transition_Hit_Pct,15,0.940408742521499,AEV
mlv,Transition_Hit_Pct,14,0.942694202127506,SR_Hit_Avg
mlv,Transition_Hit_Pct,13,0.975661016691245,SR_Hit_Pct
mlv,Transition_Hit_Pct,12,0.976954216721677,K_S
mlv,Transition_Hit_Pct,11,0.984701794743139,PTS_S
mlv,Transition_Hit_Pct,10,0.986802755985928,B_S
mlv,Transition_Hit_Pct,9,0.991199634976833,Dig_Rate
mlv,Transition_Hit_Pct,8,0.993436530934916,SA_S
mlv,Transition_Hit_Pct,7,0.99731252405656,SE_S
mlv,Transition_Hit_Pct,6,0.998659189112866,Dig_Att_Cnv_Pct
mlv,Transition_Hit_Pct,5,0.999204368403532,Srv_Avg
mlv,Transition_Hit_Pct,4,0.999586809367441,Srv_Eff
mlv,Transition_Hit_Pct,3,0.999754660692914,D_S
mlv,Transition_Hit_Pct,2,0.999914270084429,Pct_Points_Won_On
mlv,Transition_Hit_Pct,1,0.9999958266261,Dig_Kill_Pct
mlv,Transition_Hit_Pct,0,1.0,RE_S
mlv,SR_Hit_Avg,29,0.159236849686033,NA
mlv,SR_Hit_Avg,28,0.409259654409357,SR_Hit_Pct
mlv,SR_Hit_Avg,27,0.461593322908689,K%
mlv,SR_Hit_Avg,26,0.685852004674956,Eff
mlv,SR_Hit_Avg,25,0.746296341809129,Blocked_Rate
mlv,SR_Hit_Avg,24,0.805035839640743,E_S
mlv,SR_Hit_Avg,23,0.827274282136406,Pct_Points_Won_On
mlv,SR_Hit_Avg,22,0.848761710274518,Attack_Error_Rate_No_Blocks
mlv,SR_Hit_Avg,21,0.860975583823222,BT_S
mlv,SR_Hit_Avg,20,0.87262721229572,RE_S
mlv,SR_Hit_Avg,19,0.882898991720171,AEV
mlv,SR_Hit_Avg,18,0.891850918704238,Kill_Rate_Rally_Point
mlv,SR_Hit_Avg,17,0.897923421151694,Dig_Rate
mlv,SR_Hit_Avg,16,0.90590097893053,B_S
mlv,SR_Hit_Avg,15,0.914123786207272,PSF
mlv,SR_Hit_Avg,14,0.921384985342552,Dig_Kill_Pct
mlv,SR_Hit_Avg,13,0.926810778727872,SE_S
mlv,SR_Hit_Avg,12,0.931023742930623,D_S
mlv,SR_Hit_Avg,11,0.935011431663509,Transition_Hit_Pct
mlv,SR_Hit_Avg,10,0.957201068327002,Transition_Hit_Avg
mlv,SR_Hit_Avg,9,0.962174167371884,APM
mlv,SR_Hit_Avg,8,0.967606010757159,Reception_Rate
mlv,SR_Hit_Avg,7,0.973634279874784,Pass_Eff
mlv,SR_Hit_Avg,6,0.978600981328846,PTS_S
mlv,SR_Hit_Avg,5,0.98285904630699,Dig_Att_Cnv_Pct
mlv,SR_Hit_Avg,4,0.988280673769549,SA_S
mlv,SR_Hit_Avg,3,0.999911652382932,K_S
mlv,SR_Hit_Avg,2,0.999971301787786,Srv_Eff
mlv,SR_Hit_Avg,1,0.999985479276115,Srv_Avg
mlv,SR_Hit_Avg,0,1.0,AST_S
mlv,Transition_Hit_Avg,29,0.171901017958243,NA
mlv,Transition_Hit_Avg,28,0.598048583246142,Transition_Hit_Pct
mlv,Transition_Hit_Avg,27,0.635394040827613,Eff
mlv,Transition_Hit_Avg,26,0.796851903528799,K%
mlv,Transition_Hit_Avg,25,0.819045951237589,Attack_Error_Rate_No_Blocks
mlv,Transition_Hit_Avg,24,0.840421380347525,APM
mlv,Transition_Hit_Avg,23,0.856474736763205,Blocked_Rate
mlv,Transition_Hit_Avg,22,0.882273920205021,E_S
mlv,Transition_Hit_Avg,21,0.894005622963168,Kill_Rate_Rally_Point
mlv,Transition_Hit_Avg,20,0.903379410544008,PSF
mlv,Transition_Hit_Avg,19,0.910060182558826,Pass_Eff
mlv,Transition_Hit_Avg,18,0.918164363449193,AST_S
mlv,Transition_Hit_Avg,17,0.92392112715638,BT_S
mlv,Transition_Hit_Avg,16,0.930999223284517,Reception_Rate
mlv,Transition_Hit_Avg,15,0.934198305188448,Pct_Points_Won_On
mlv,Transition_Hit_Avg,14,0.937225076795965,SE_S
mlv,Transition_Hit_Avg,13,0.939104130848944,AEV
mlv,Transition_Hit_Avg,12,0.940985484840543,SR_Hit_Avg
mlv,Transition_Hit_Avg,11,0.967532967258137,SR_Hit_Pct
mlv,Transition_Hit_Avg,10,0.969423615424416,RE_S
mlv,Transition_Hit_Avg,9,0.970766479753336,K_S
mlv,Transition_Hit_Avg,8,0.981788933638348,PTS_S
mlv,Transition_Hit_Avg,7,0.984243354108569,Dig_Rate
mlv,Transition_Hit_Avg,6,0.98981658812297,B_S
mlv,Transition_Hit_Avg,5,0.996785724596388,SA_S
mlv,Transition_Hit_Avg,4,0.999093833036078,Dig_Att_Cnv_Pct
mlv,Transition_Hit_Avg,3,0.999697152266465,Srv_Avg
mlv,Transition_Hit_Avg,2,0.999847032120054,Dig_Kill_Pct
mlv,Transition_Hit_Avg,1,0.99993259544497,D_S
mlv,Transition_Hit_Avg,0,1.0,Srv_Eff
mlv,Dig_Att_Cnv_Pct,29,0.745773334039604,NA
mlv,Dig_Att_Cnv_Pct,28,0.782424716739847,Dig_Kill_Pct
mlv,Dig_Att_Cnv_Pct,27,0.811176553870528,B_S
mlv,Dig_Att_Cnv_Pct,26,0.825828012923234,AEV
mlv,Dig_Att_Cnv_Pct,25,0.838825292400091,Dig_Rate
mlv,Dig_Att_Cnv_Pct,24,0.853507684689219,BT_S
mlv,Dig_Att_Cnv_Pct,23,0.86528997796858,APM
mlv,Dig_Att_Cnv_Pct,22,0.875274020228094,Pass_Eff
mlv,Dig_Att_Cnv_Pct,21,0.881708030896736,AST_S
mlv,Dig_Att_Cnv_Pct,20,0.89244782210958,D_S
mlv,Dig_Att_Cnv_Pct,19,0.902550572132313,Pct_Points_Won_On
mlv,Dig_Att_Cnv_Pct,18,0.911061256227636,RE_S
mlv,Dig_Att_Cnv_Pct,17,0.921271336072618,K%
mlv,Dig_Att_Cnv_Pct,16,0.929173344891374,Eff
mlv,Dig_Att_Cnv_Pct,15,0.937926360964926,PSF
mlv,Dig_Att_Cnv_Pct,14,0.945488440014511,Reception_Rate
mlv,Dig_Att_Cnv_Pct,13,0.95182410947058,Attack_Error_Rate_No_Blocks
mlv,Dig_Att_Cnv_Pct,12,0.95716532837216,K_S
mlv,Dig_Att_Cnv_Pct,11,0.962146845237472,E_S
mlv,Dig_Att_Cnv_Pct,10,0.965113268690467,SA_S
mlv,Dig_Att_Cnv_Pct,9,0.970157007213271,SE_S
mlv,Dig_Att_Cnv_Pct,8,0.973560845701624,Blocked_Rate
mlv,Dig_Att_Cnv_Pct,7,0.976294820026058,Srv_Eff
mlv,Dig_Att_Cnv_Pct,6,0.987258930116756,Srv_Avg
mlv,Dig_Att_Cnv_Pct,5,0.98815013347766,Kill_Rate_Rally_Point
mlv,Dig_Att_Cnv_Pct,4,0.992911812573046,PTS_S
mlv,Dig_Att_Cnv_Pct,3,0.994280762711498,Transition_Hit_Avg
mlv,Dig_Att_Cnv_Pct,2,0.995415531949519,SR_Hit_Avg
mlv,Dig_Att_Cnv_Pct,1,0.998984564251123,SR_Hit_Pct
mlv,Dig_Att_Cnv_Pct,0,1.0,Transition_Hit_Pct
mlv,Dig_Kill_Pct,29,0.778434064193095,NA
mlv,Dig_Kill_Pct,28,0.816690573901086,Dig_Att_Cnv_Pct
mlv,Dig_Kill_Pct,27,0.833241951515061,Dig_Rate
mlv,Dig_Kill_Pct,26,0.845280191008262,B_S
mlv,Dig_Kill_Pct,25,0.854371195551607,Pct_Points_Won_On
mlv,Dig_Kill_Pct,24,0.877284682678153,APM
mlv,Dig_Kill_Pct,23,0.889330102528264,Pass_Eff
mlv,Dig_Kill_Pct,22,0.901702078280132,D_S
mlv,Dig_Kill_Pct,21,0.914484285221701,PSF
mlv,Dig_Kill_Pct,20,0.921929534918932,BT_S
mlv,Dig_Kill_Pct,19,0.927548928174786,Reception_Rate
mlv,Dig_Kill_Pct,18,0.935746284351914,RE_S
mlv,Dig_Kill_Pct,17,0.943077788189568,Blocked_Rate
mlv,Dig_Kill_Pct,16,0.947875190370966,SE_S
mlv,Dig_Kill_Pct,15,0.951542004396495,K%
mlv,Dig_Kill_Pct,14,0.964525515102694,Eff
mlv,Dig_Kill_Pct,13,0.96916984578566,E_S
mlv,Dig_Kill_Pct,12,0.973672819077155,K_S
mlv,Dig_Kill_Pct,11,0.976627756305955,AST_S
mlv,Dig_Kill_Pct,10,0.978266435445924,Kill_Rate_Rally_Point
mlv,Dig_Kill_Pct,9,0.981783679638284,PTS_S
mlv,Dig_Kill_Pct,8,0.983045939812026,SA_S
mlv,Dig_Kill_Pct,7,0.983853948425614,SR_Hit_Avg
mlv,Dig_Kill_Pct,6,0.997155153624903,SR_Hit_Pct
mlv,Dig_Kill_Pct,5,0.997981326666392,Attack_Error_Rate_No_Blocks
mlv,Dig_Kill_Pct,4,0.998517472338036,AEV
mlv,Dig_Kill_Pct,3,0.998778753141863,Srv_Eff
mlv,Dig_Kill_Pct,2,0.999888625642436,Srv_Avg
mlv,Dig_Kill_Pct,1,0.999927010620927,Transition_Hit_Avg
mlv,Dig_Kill_Pct,0,1.0,Transition_Hit_Pct
mlv,Dig_Rate,29,0.338006704579203,NA
mlv,Dig_Rate,28,0.419875707405993,D_S
mlv,Dig_Rate,27,0.463124026094925,AST_S
mlv,Dig_Rate,26,0.49171574973997,APM
mlv,Dig_Rate,25,0.527682892868358,Pct_Points_Won_On
mlv,Dig_Rate,24,0.560833501299904,B_S
mlv,Dig_Rate,23,0.627854788268628,BT_S
mlv,Dig_Rate,22,0.651011419021943,Dig_Att_Cnv_Pct
mlv,Dig_Rate,21,0.682144938464087,Dig_Kill_Pct
mlv,Dig_Rate,20,0.704615809496696,PSF
mlv,Dig_Rate,19,0.722242085296262,Blocked_Rate
mlv,Dig_Rate,18,0.736247897802784,Kill_Rate_Rally_Point
mlv,Dig_Rate,17,0.751825037201241,K%
mlv,Dig_Rate,16,0.770184072114495,RE_S
mlv,Dig_Rate,15,0.791762043905938,Eff
mlv,Dig_Rate,14,0.819340447788298,Reception_Rate
mlv,Dig_Rate,13,0.84184282363361,Pass_Eff
mlv,Dig_Rate,12,0.853264933356545,PTS_S
mlv,Dig_Rate,11,0.866242813264299,SE_S
mlv,Dig_Rate,10,0.879388130581668,SA_S
mlv,Dig_Rate,9,0.884005468610975,SR_Hit_Avg
mlv,Dig_Rate,8,0.91674883382218,SR_Hit_Pct
mlv,Dig_Rate,7,0.93016082209023,K_S
mlv,Dig_Rate,6,0.957731198441632,E_S
mlv,Dig_Rate,5,0.964189325413845,Srv_Eff
mlv,Dig_Rate,4,0.988486585255801,Srv_Avg
mlv,Dig_Rate,3,0.993537223981697,Attack_Error_Rate_No_Blocks
mlv,Dig_Rate,2,0.995897805663325,Transition_Hit_Avg
mlv,Dig_Rate,1,0.99993909508807,Transition_Hit_Pct
mlv,Dig_Rate,0,1.0,AEV
mlv,Reception_Rate,29,0.498503960892429,NA
mlv,Reception_Rate,28,0.738042078295812,RE_S
mlv,Reception_Rate,27,0.769860148949613,Pass_Eff
mlv,Reception_Rate,26,0.807176537374951,AST_S
mlv,Reception_Rate,25,0.836767345098558,BT_S
mlv,Reception_Rate,24,0.84725771513123,APM
mlv,Reception_Rate,23,0.857205518620088,B_S
mlv,Reception_Rate,22,0.873999533833051,Dig_Rate
mlv,Reception_Rate,21,0.880907027426196,Dig_Kill_Pct
mlv,Reception_Rate,20,0.888006802904525,Eff
mlv,Reception_Rate,19,0.91348959103865,K%
mlv,Reception_Rate,18,0.925804627674537,E_S
mlv,Reception_Rate,17,0.935070196723729,K_S
mlv,Reception_Rate,16,0.944796108661297,D_S
mlv,Reception_Rate,15,0.953980700047707,PTS_S
mlv,Reception_Rate,14,0.962747627766422,Dig_Att_Cnv_Pct
mlv,Reception_Rate,13,0.973355282516764,Pct_Points_Won_On
mlv,Reception_Rate,12,0.97992942461524,Kill_Rate_Rally_Point
mlv,Reception_Rate,11,0.983026517521095,SE_S
mlv,Reception_Rate,10,0.986429512160403,SA_S
mlv,Reception_Rate,9,0.987372063027259,Transition_Hit_Avg
mlv,Reception_Rate,8,0.989826230911391,Transition_Hit_Pct
mlv,Reception_Rate,7,0.990593256860066,SR_Hit_Avg
mlv,Reception_Rate,6,0.994875310416398,SR_Hit_Pct
mlv,Reception_Rate,5,0.99722575182854,Blocked_Rate
mlv,Reception_Rate,4,0.998660712293215,Attack_Error_Rate_No_Blocks
mlv,Reception_Rate,3,0.999147918179379,Srv_Avg
mlv,Reception_Rate,2,0.999387896427329,Srv_Eff
mlv,Reception_Rate,1,0.999650074599744,AEV
mlv,Reception_Rate,0,1.0,PSF
mlv,Pct_Points_Won_On,29,0.46225455824995,NA
mlv,Pct_Points_Won_On,28,0.627775263007341,APM
mlv,Pct_Points_Won_On,27,0.677394333703042,D_S
mlv,Pct_Points_Won_On,26,0.707536838585299,Dig_Rate
mlv,Pct_Points_Won_On,25,0.735824277612622,AST_S
mlv,Pct_Points_Won_On,24,0.765215281225369,PSF
mlv,Pct_Points_Won_On,23,0.798344131830003,AEV
mlv,Pct_Points_Won_On,22,0.830413653771908,Dig_Kill_Pct
mlv,Pct_Points_Won_On,21,0.859450108963786,Pass_Eff
mlv,Pct_Points_Won_On,20,0.867823954829159,RE_S
mlv,Pct_Points_Won_On,19,0.876419972348289,Dig_Att_Cnv_Pct
mlv,Pct_Points_Won_On,18,0.88494130336215,BT_S
mlv,Pct_Points_Won_On,17,0.896043332002607,B_S
mlv,Pct_Points_Won_On,16,0.904980043583959,Blocked_Rate
mlv,Pct_Points_Won_On,15,0.912851719944367,K%
mlv,Pct_Points_Won_On,14,0.920764657003007,Attack_Error_Rate_No_Blocks
mlv,Pct_Points_Won_On,13,0.926349554788603,K_S
mlv,Pct_Points_Won_On,12,0.935572919125705,PTS_S
mlv,Pct_Points_Won_On,11,0.942519567206796,Reception_Rate
mlv,Pct_Points_Won_On,10,0.94525983266325,Srv_Eff
mlv,Pct_Points_Won_On,9,0.956990451147555,Srv_Avg
mlv,Pct_Points_Won_On,8,0.976700968702961,SE_S
mlv,Pct_Points_Won_On,7,0.984317734386525,SA_S
mlv,Pct_Points_Won_On,6,0.986666231208689,SR_Hit_Pct
mlv,Pct_Points_Won_On,5,0.994611518887587,SR_Hit_Avg
mlv,Pct_Points_Won_On,4,0.997717965578108,Eff
mlv,Pct_Points_Won_On,3,0.999457928710658,Transition_Hit_Avg
mlv,Pct_Points_Won_On,2,0.999616379226059,Kill_Rate_Rally_Point
mlv,Pct_Points_Won_On,1,0.999888504583386,E_S
mlv,Pct_Points_Won_On,0,1.0,Transition_Hit_Pct
mlv,Blocked_Rate,29,0.570321548016278,NA
mlv,Blocked_Rate,28,0.641044604456776,Eff
mlv,Blocked_Rate,27,0.694297697660453,E_S
mlv,Blocked_Rate,26,0.713486277858071,SR_Hit_Pct
mlv,Blocked_Rate,25,0.781162617579471,SR_Hit_Avg
mlv,Blocked_Rate,24,0.81445110340148,K%
mlv,Blocked_Rate,23,0.82376529299122,Pct_Points_Won_On
mlv,Blocked_Rate,22,0.833129921347109,Transition_Hit_Pct
mlv,Blocked_Rate,21,0.873560627134834,Transition_Hit_Avg
mlv,Blocked_Rate,20,0.884678335298557,PSF
mlv,Blocked_Rate,19,0.89380539962894,Pass_Eff
mlv,Blocked_Rate,18,0.901720755037178,BT_S
mlv,Blocked_Rate,17,0.911954339580237,AST_S
mlv,Blocked_Rate,16,0.918917134403305,Dig_Att_Cnv_Pct
mlv,Blocked_Rate,15,0.923791980481345,SE_S
mlv,Blocked_Rate,14,0.929184292600592,B_S
mlv,Blocked_Rate,13,0.93326949148592,K_S
mlv,Blocked_Rate,12,0.93733660706009,Attack_Error_Rate_No_Blocks
mlv,Blocked_Rate,11,0.940881439345903,PTS_S
mlv,Blocked_Rate,10,0.954126572855488,Kill_Rate_Rally_Point
mlv,Blocked_Rate,9,0.96187012296006,Dig_Rate
mlv,Blocked_Rate,8,0.964350190415138,Srv_Eff
mlv,Blocked_Rate,7,0.981963918419341,Srv_Avg
mlv,Blocked_Rate,6,0.984660983869036,APM
mlv,Blocked_Rate,5,0.99317348874653,D_S
mlv,Blocked_Rate,4,0.996466207973849,AEV
mlv,Blocked_Rate,3,0.998437194024212,Reception_Rate
mlv,Blocked_Rate,2,0.999125065275668,RE_S
mlv,Blocked_Rate,1,0.999632848444316,SA_S
mlv,Blocked_Rate,0,1.0,Dig_Kill_Pct
mlv,Srv_Avg,29,0.156137630814774,NA
mlv,Srv_Avg,28,0.399713900020072,Srv_Eff
mlv,Srv_Avg,27,0.731268249368899,SE_S
mlv,Srv_Avg,26,0.761390594796421,SA_S
mlv,Srv_Avg,25,0.799241524186066,PSF
mlv,Srv_Avg,24,0.837518433071385,AEV
mlv,Srv_Avg,23,0.851831947488731,Kill_Rate_Rally_Point
mlv,Srv_Avg,22,0.864171157319262,D_S
mlv,Srv_Avg,21,0.883958976489569,AST_S
mlv,Srv_Avg,20,0.899630940660178,Pct_Points_Won_On
mlv,Srv_Avg,19,0.909805453386057,Blocked_Rate
mlv,Srv_Avg,18,0.923192607085696,K%
mlv,Srv_Avg,17,0.931215688639143,Dig_Kill_Pct
mlv,Srv_Avg,16,0.937982521622297,E_S
mlv,Srv_Avg,15,0.943220668911662,K_S
mlv,Srv_Avg,14,0.949066917347185,Attack_Error_Rate_No_Blocks
mlv,Srv_Avg,13,0.95392109270539,APM
mlv,Srv_Avg,12,0.963775570166542,Dig_Rate
mlv,Srv_Avg,11,0.969671771413121,Dig_Att_Cnv_Pct
mlv,Srv_Avg,10,0.97567409298007,Reception_Rate
mlv,Srv_Avg,9,0.980281648163208,PTS_S
mlv,Srv_Avg,8,0.987289238143292,B_S
mlv,Srv_Avg,7,0.990511242573061,SR_Hit_Pct
mlv,Srv_Avg,6,0.992754913517352,BT_S
mlv,Srv_Avg,5,0.996164265500764,Eff
mlv,Srv_Avg,4,0.997872998889825,Pass_Eff
mlv,Srv_Avg,3,0.999234505781988,Transition_Hit_Pct
mlv,Srv_Avg,2,0.999605936869047,RE_S
mlv,Srv_Avg,1,0.999978829492084,Transition_Hit_Avg
mlv,Srv_Avg,0,1.0,SR_Hit_Avg
mlv,Attack_Error_Rate_No_Blocks,29,0.645814584677012,NA
mlv,Attack_Error_Rate_No_Blocks,28,0.732557956256733,K%
mlv,Attack_Error_Rate_No_Blocks,27,0.772378713143456,E_S
mlv,Attack_Error_Rate_No_Blocks,26,0.809257251687401,Eff
mlv,Attack_Error_Rate_No_Blocks,25,0.824814351475787,SR_Hit_Pct
mlv,Attack_Error_Rate_No_Blocks,24,0.846465581327292,SR_Hit_Avg
mlv,Attack_Error_Rate_No_Blocks,23,0.855847546615688,Pct_Points_Won_On
mlv,Attack_Error_Rate_No_Blocks,22,0.865084137613056,Transition_Hit_Pct
mlv,Attack_Error_Rate_No_Blocks,21,0.900618341562783,Transition_Hit_Avg
mlv,Attack_Error_Rate_No_Blocks,20,0.910861778274712,AEV
mlv,Attack_Error_Rate_No_Blocks,19,0.922300968346534,BT_S
mlv,Attack_Error_Rate_No_Blocks,18,0.928358433752275,Dig_Att_Cnv_Pct
mlv,Attack_Error_Rate_No_Blocks,17,0.935335935607813,AST_S
mlv,Attack_Error_Rate_No_Blocks,16,0.946988436165617,D_S
mlv,Attack_Error_Rate_No_Blocks,15,0.95355522360165,SA_S
mlv,Attack_Error_Rate_No_Blocks,14,0.959210506956048,SE_S
mlv,Attack_Error_Rate_No_Blocks,13,0.96258478240103,Blocked_Rate
mlv,Attack_Error_Rate_No_Blocks,12,0.965538823592449,Pass_Eff
mlv,Attack_Error_Rate_No_Blocks,11,0.967458589340672,Srv_Eff
mlv,Attack_Error_Rate_No_Blocks,10,0.972428307483919,Srv_Avg
mlv,Attack_Error_Rate_No_Blocks,9,0.97521518815315,Kill_Rate_Rally_Point
mlv,Attack_Error_Rate_No_Blocks,8,0.977411981062009,PSF
mlv,Attack_Error_Rate_No_Blocks,7,0.978946103190799,K_S
mlv,Attack_Error_Rate_No_Blocks,6,0.990199425582856,PTS_S
mlv,Attack_Error_Rate_No_Blocks,5,0.992301666369869,Dig_Kill_Pct
mlv,Attack_Error_Rate_No_Blocks,4,0.993965502809167,RE_S
mlv,Attack_Error_Rate_No_Blocks,3,0.996704359706284,Reception_Rate
mlv,Attack_Error_Rate_No_Blocks,2,0.997987932296412,Dig_Rate
mlv,Attack_Error_Rate_No_Blocks,1,0.99903242175646,B_S
mlv,Attack_Error_Rate_No_Blocks,0,1.0,APM
mlv,Kill_Rate_Rally_Point,29,0.292415597205531,NA
mlv,Kill_Rate_Rally_Point,28,0.317542619843828,K_S
mlv,Kill_Rate_Rally_Point,27,0.385989490908371,PTS_S
mlv,Kill_Rate_Rally_Point,26,0.504039549911426,E_S
mlv,Kill_Rate_Rally_Point,25,0.560909531692779,AST_S
mlv,Kill_Rate_Rally_Point,24,0.58301447952592,Blocked_Rate
mlv,Kill_Rate_Rally_Point,23,0.607563549284519,Dig_Rate
mlv,Kill_Rate_Rally_Point,22,0.626762772574919,B_S
mlv,Kill_Rate_Rally_Point,21,0.640202538181536,RE_S
mlv,Kill_Rate_Rally_Point,20,0.653865483930545,SE_S
mlv,Kill_Rate_Rally_Point,19,0.714582879132506,SA_S
mlv,Kill_Rate_Rally_Point,18,0.748220169528281,BT_S
mlv,Kill_Rate_Rally_Point,17,0.780780448792386,AEV
mlv,Kill_Rate_Rally_Point,16,0.80494895038903,APM
mlv,Kill_Rate_Rally_Point,15,0.825222195722256,Attack_Error_Rate_No_Blocks
mlv,Kill_Rate_Rally_Point,14,0.848335542668725,K%
mlv,Kill_Rate_Rally_Point,13,0.867684392444255,Srv_Eff
mlv,Kill_Rate_Rally_Point,12,0.910348960627507,Srv_Avg
mlv,Kill_Rate_Rally_Point,11,0.920442214979975,Transition_Hit_Avg
mlv,Kill_Rate_Rally_Point,10,0.930432587458646,Dig_Att_Cnv_Pct
mlv,Kill_Rate_Rally_Point,9,0.937564199918838,Eff
mlv,Kill_Rate_Rally_Point,8,0.956920900524246,Transition_Hit_Pct
mlv,Kill_Rate_Rally_Point,7,0.963166172356464,SR_Hit_Avg
mlv,Kill_Rate_Rally_Point,6,0.987315437321314,SR_Hit_Pct
mlv,Kill_Rate_Rally_Point,5,0.991005422343147,Reception_Rate
mlv,Kill_Rate_Rally_Point,4,0.994273590694246,Dig_Kill_Pct
mlv,Kill_Rate_Rally_Point,3,0.996448730293813,Pass_Eff
mlv,Kill_Rate_Rally_Point,2,0.998465479121089,Pct_Points_Won_On
mlv,Kill_Rate_Rally_Point,1,0.999526626002558,PSF
mlv,Kill_Rate_Rally_Point,0,1.0,D_S
lovb,K_S,29,0.288097723780106,NA
lovb,K_S,28,0.336943553933713,PTS_S
lovb,K_S,27,0.426458522571025,E_S
lovb,K_S,26,0.554424356282303,Kill_Rate_Rally_Point
lovb,K_S,25,0.583175127211043,D_S
lovb,K_S,24,0.606397774806252,RE_S
lovb,K_S,23,0.624266962149868,SA_S
lovb,K_S,22,0.670836231562924,SE_S
lovb,K_S,21,0.697939480237622,Blocked_Rate
lovb,K_S,20,0.72341309794508,Reception_Rate
lovb,K_S,19,0.748784114828009,BT_S
lovb,K_S,18,0.814235314544738,B_S
lovb,K_S,17,0.835286874176524,Attack_Error_Rate_No_Blocks
lovb,K_S,16,0.851200539836431,K%
lovb,K_S,15,0.867664086801102,Dig_Rate
lovb,K_S,14,0.888227455307697,AST_S
lovb,K_S,13,0.900292307818217,AEV
lovb,K_S,12,0.912450776834041,Srv_Eff
lovb,K_S,11,0.95015560102205,Srv_Avg
lovb,K_S,10,0.96010848054757,APM
lovb,K_S,9,0.96412554564171,Dig_Att_Cnv_Pct
lovb,K_S,8,0.967286135221893,Transition_Hit_Avg
lovb,K_S,7,0.971171063221317,Eff
lovb,K_S,6,0.975147115894217,SR_Hit_Avg
lovb,K_S,5,0.993781333082084,SR_Hit_Pct
lovb,K_S,4,0.998379715834167,Transition_Hit_Pct
lovb,K_S,3,0.999099264964172,Pct_Points_Won_On
lovb,K_S,2,0.999521559588732,PSF
lovb,K_S,1,0.999908898538942,Dig_Kill_Pct
lovb,K_S,0,1.0,Pass_Eff
lovb,E_S,29,0.318038954593667,NA
lovb,E_S,28,0.350601320439796,K_S
lovb,E_S,27,0.434362569710705,PTS_S
lovb,E_S,26,0.549123320598669,Kill_Rate_Rally_Point
lovb,E_S,25,0.589624079216935,Blocked_Rate
lovb,E_S,24,0.62710108178165,AST_S
lovb,E_S,23,0.651117574127245,Attack_Error_Rate_No_Blocks
lovb,E_S,22,0.669183658064406,SE_S
lovb,E_S,21,0.713504822408083,SA_S
lovb,E_S,20,0.737837742329475,B_S
lovb,E_S,19,0.765499063188524,Dig_Rate
lovb,E_S,18,0.811953237477893,BT_S
lovb,E_S,17,0.844707651595782,K%
lovb,E_S,16,0.866727992548387,RE_S
lovb,E_S,15,0.89101545267885,D_S
lovb,E_S,14,0.91760036667212,Reception_Rate
lovb,E_S,13,0.928835446874781,AEV
lovb,E_S,12,0.941173986294556,Srv_Eff
lovb,E_S,11,0.980478061717742,Srv_Avg
lovb,E_S,10,0.985866290846413,APM
lovb,E_S,9,0.990030147735514,Dig_Att_Cnv_Pct
lovb,E_S,8,0.993931776839738,Transition_Hit_Pct
lovb,E_S,7,0.99539754851295,Dig_Kill_Pct
lovb,E_S,6,0.996540632000242,Eff
lovb,E_S,5,0.997610821514561,SR_Hit_Pct
lovb,E_S,4,0.998631589807905,Transition_Hit_Avg
lovb,E_S,3,0.999087576848527,SR_Hit_Avg
lovb,E_S,2,0.99965367232834,Pct_Points_Won_On
lovb,E_S,1,0.99999958499159,PSF
lovb,E_S,0,1.0,Pass_Eff
lovb,AST_S,29,0.562310515630883,NA
lovb,AST_S,28,0.625333061075376,D_S
lovb,AST_S,27,0.657135642475137,Dig_Rate
lovb,AST_S,26,0.686657371796131,Kill_Rate_Rally_Point
lovb,AST_S,25,0.717334625921535,PSF
lovb,AST_S,24,0.736724377582793,APM
lovb,AST_S,23,0.76074830832044,RE_S
lovb,AST_S,22,0.781215592049634,Pct_Points_Won_On
lovb,AST_S,21,0.801523070402286,Blocked_Rate
lovb,AST_S,20,0.818972236858262,SA_S
lovb,AST_S,19,0.845308212147234,SE_S
lovb,AST_S,18,0.866306182082288,AEV
lovb,AST_S,17,0.875108970104318,Dig_Kill_Pct
lovb,AST_S,16,0.884291526919897,Eff
lovb,AST_S,15,0.890311803229042,SR_Hit_Pct
lovb,AST_S,14,0.910502410598703,SR_Hit_Avg
lovb,AST_S,13,0.917774933379821,E_S
lovb,AST_S,12,0.925208496807192,BT_S
lovb,AST_S,11,0.93347054502232,Attack_Error_Rate_No_Blocks
lovb,AST_S,10,0.940150997795782,Srv_Avg
lovb,AST_S,9,0.970108777128357,Srv_Eff
lovb,AST_S,8,0.97419543698922,K_S
lovb,AST_S,7,0.984221170477381,PTS_S
lovb,AST_S,6,0.991545733936953,B_S
lovb,AST_S,5,0.996234357885249,Dig_Att_Cnv_Pct
lovb,AST_S,4,0.997990177180958,Transition_Hit_Avg
lovb,AST_S,3,0.998910627479103,Reception_Rate
lovb,AST_S,2,0.999779413453962,Pass_Eff
lovb,AST_S,1,0.999953024020046,Transition_Hit_Pct
lovb,AST_S,0,1.0,K%
lovb,SA_S,29,0.539044937813645,NA
lovb,SA_S,28,0.643107687163225,SE_S
lovb,SA_S,27,0.658276061981466,PTS_S
lovb,SA_S,26,0.673936639316102,Srv_Avg
lovb,SA_S,25,0.692785388100375,PSF
lovb,SA_S,24,0.711691297612101,AST_S
lovb,SA_S,23,0.725512352293715,BT_S
lovb,SA_S,22,0.744874989502849,B_S
lovb,SA_S,21,0.766208352523708,K_S
lovb,SA_S,20,0.821707111750032,E_S
lovb,SA_S,19,0.855177332310489,D_S
lovb,SA_S,18,0.872285811119222,AEV
lovb,SA_S,17,0.890209418355782,RE_S
lovb,SA_S,16,0.903166148789006,Attack_Error_Rate_No_Blocks
lovb,SA_S,15,0.914437689513834,Kill_Rate_Rally_Point
lovb,SA_S,14,0.922164792917247,Pct_Points_Won_On
lovb,SA_S,13,0.927783664158378,Reception_Rate
lovb,SA_S,12,0.932899186664626,Blocked_Rate
lovb,SA_S,11,0.937287719951084,Dig_Att_Cnv_Pct
lovb,SA_S,10,0.940442824317113,Dig_Rate
lovb,SA_S,9,0.947798551429188,APM
lovb,SA_S,8,0.952070546703036,K%
lovb,SA_S,7,0.953822722933623,SR_Hit_Pct
lovb,SA_S,6,0.962482522946215,SR_Hit_Avg
lovb,SA_S,5,0.982852585566213,Eff
lovb,SA_S,4,0.984524207924008,Dig_Kill_Pct
lovb,SA_S,3,0.98612491785642,Transition_Hit_Avg
lovb,SA_S,2,0.999573003964463,Transition_Hit_Pct
lovb,SA_S,1,0.999857863765575,Pass_Eff
lovb,SA_S,0,1.0,Srv_Eff
lovb,SE_S,29,0.39244983917256,NA
lovb,SE_S,28,0.468212370978796,SA_S
lovb,SE_S,27,0.497815122421319,Srv_Eff
lovb,SE_S,26,0.626583350623301,Srv_Avg
lovb,SE_S,25,0.637593077327737,PTS_S
lovb,SE_S,24,0.651894097568727,E_S
lovb,SE_S,23,0.690052237683263,K_S
lovb,SE_S,22,0.71323743644228,BT_S
lovb,SE_S,21,0.764112784394548,B_S
lovb,SE_S,20,0.789054734630373,Blocked_Rate
lovb,SE_S,19,0.809866606272339,APM
lovb,SE_S,18,0.825769222980717,Kill_Rate_Rally_Point
lovb,SE_S,17,0.848026811124886,Dig_Rate
lovb,SE_S,16,0.866682322585655,AEV
lovb,SE_S,15,0.882398257580295,Attack_Error_Rate_No_Blocks
lovb,SE_S,14,0.902448773191648,K%
lovb,SE_S,13,0.918990679440952,Dig_Att_Cnv_Pct
lovb,SE_S,12,0.934311625277659,RE_S
lovb,SE_S,11,0.945779741064584,Pass_Eff
lovb,SE_S,10,0.958989909416113,Pct_Points_Won_On
lovb,SE_S,9,0.964759755636664,D_S
lovb,SE_S,8,0.970771191400889,Reception_Rate
lovb,SE_S,7,0.972955903565233,SR_Hit_Avg
lovb,SE_S,6,0.977433237435674,SR_Hit_Pct
lovb,SE_S,5,0.994046821697628,Eff
lovb,SE_S,4,0.996768781508814,PSF
lovb,SE_S,3,0.998717477888263,Transition_Hit_Avg
lovb,SE_S,2,0.999874769561078,Transition_Hit_Pct
lovb,SE_S,1,0.999990161923463,AST_S
lovb,SE_S,0,1.0,Dig_Kill_Pct
lovb,RE_S,29,0.450962824195903,NA
lovb,RE_S,28,0.690467320725221,Reception_Rate
lovb,RE_S,27,0.75142758376191,D_S
lovb,RE_S,26,0.768386495181722,APM
lovb,RE_S,25,0.787118116932952,Dig_Rate
lovb,RE_S,24,0.803290065252595,E_S
lovb,RE_S,23,0.827858967623301,K_S
lovb,RE_S,22,0.874350112149641,PTS_S
lovb,RE_S,21,0.890750852281169,SE_S
lovb,RE_S,20,0.90038658073375,Pct_Points_Won_On
lovb,RE_S,19,0.9103110742069,AEV
lovb,RE_S,18,0.921109297567435,SA_S
lovb,RE_S,17,0.931933972928861,PSF
lovb,RE_S,16,0.950763785979664,AST_S
lovb,RE_S,15,0.960926887247163,K%
lovb,RE_S,14,0.968671816481732,Dig_Kill_Pct
lovb,RE_S,13,0.973229666700885,Dig_Att_Cnv_Pct
lovb,RE_S,12,0.975734040054858,Eff
lovb,RE_S,11,0.978917021234934,Transition_Hit_Pct
lovb,RE_S,10,0.987417928472711,Transition_Hit_Avg
lovb,RE_S,9,0.98991018063949,BT_S
lovb,RE_S,8,0.994658561092945,B_S
lovb,RE_S,7,0.996531257070486,Attack_Error_Rate_No_Blocks
lovb,RE_S,6,0.997791868790597,Srv_Eff
lovb,RE_S,5,0.998960591972041,Pass_Eff
lovb,RE_S,4,0.999594893211528,Srv_Avg
lovb,RE_S,3,0.999901721242017,SR_Hit_Pct
lovb,RE_S,2,0.999938120909665,Kill_Rate_Rally_Point
lovb,RE_S,1,0.999961847013266,SR_Hit_Avg
lovb,RE_S,0,1.0,Blocked_Rate
lovb,D_S,29,0.420678878408411,NA
lovb,D_S,28,0.476267806807587,Dig_Rate
lovb,D_S,27,0.552311978202446,AST_S
lovb,D_S,26,0.604764751769797,RE_S
lovb,D_S,25,0.633082517918478,APM
lovb,D_S,24,0.678535301309299,Pct_Points_Won_On
lovb,D_S,23,0.721432118755273,PSF
lovb,D_S,22,0.76921213509784,Kill_Rate_Rally_Point
lovb,D_S,21,0.788167529756163,AEV
lovb,D_S,20,0.807614638867304,Reception_Rate
lovb,D_S,19,0.825129112973818,Blocked_Rate
lovb,D_S,18,0.843312575922962,B_S
lovb,D_S,17,0.859517354590471,BT_S
lovb,D_S,16,0.87835089891606,Dig_Att_Cnv_Pct
lovb,D_S,15,0.898472806341817,K%
lovb,D_S,14,0.903381508863891,Dig_Kill_Pct
lovb,D_S,13,0.907912073936001,SA_S
lovb,D_S,12,0.91271082453231,Srv_Avg
lovb,D_S,11,0.930281011146013,Srv_Eff
lovb,D_S,10,0.934178649222072,E_S
lovb,D_S,9,0.941083747941993,K_S
lovb,D_S,8,0.951574609716616,PTS_S
lovb,D_S,7,0.95596447698817,Pass_Eff
lovb,D_S,6,0.959368776817614,SE_S
lovb,D_S,5,0.962589738837222,SR_Hit_Pct
lovb,D_S,4,0.971831453102165,SR_Hit_Avg
lovb,D_S,3,0.99047044712869,Eff
lovb,D_S,2,0.991765588071119,Transition_Hit_Pct
lovb,D_S,1,0.999941826981519,Transition_Hit_Avg
lovb,D_S,0,1.0,Attack_Error_Rate_No_Blocks
lovb,BT_S,29,0.466579199421392,NA
lovb,BT_S,28,0.557006852924757,B_S
lovb,BT_S,27,0.580209738404524,APM
lovb,BT_S,26,0.609362959745401,Dig_Rate
lovb,BT_S,25,0.627423218723022,PTS_S
lovb,BT_S,24,0.647716314497645,K_S
lovb,BT_S,23,0.665957976449471,SE_S
lovb,BT_S,22,0.708303655695515,SA_S
lovb,BT_S,21,0.747410811314107,E_S
lovb,BT_S,20,0.770633314188328,Dig_Att_Cnv_Pct
lovb,BT_S,19,0.791743829462564,Pct_Points_Won_On
lovb,BT_S,18,0.805307569519019,Kill_Rate_Rally_Point
lovb,BT_S,17,0.817344725772754,AEV
lovb,BT_S,16,0.828143282124367,Eff
lovb,BT_S,15,0.849137500696678,K%
lovb,BT_S,14,0.861047125206523,Blocked_Rate
lovb,BT_S,13,0.870042530425648,Srv_Eff
lovb,BT_S,12,0.882640827819144,Srv_Avg
lovb,BT_S,11,0.890889418413506,Dig_Kill_Pct
lovb,BT_S,10,0.89770227657519,SR_Hit_Avg
lovb,BT_S,9,0.953088156000697,SR_Hit_Pct
lovb,BT_S,8,0.958051009355309,Transition_Hit_Pct
lovb,BT_S,7,0.985659487255087,Transition_Hit_Avg
lovb,BT_S,6,0.990752484466285,Pass_Eff
lovb,BT_S,5,0.993400047214677,Reception_Rate
lovb,BT_S,4,0.996632332097407,RE_S
lovb,BT_S,3,0.99899227625763,D_S
lovb,BT_S,2,0.999749612636544,PSF
lovb,BT_S,1,0.999894072923723,AST_S
lovb,BT_S,0,1.0,Attack_Error_Rate_No_Blocks
lovb,B_S,29,0.484809594038517,NA
lovb,B_S,28,0.578770477933875,BT_S
lovb,B_S,27,0.609240018419756,Dig_Rate
lovb,B_S,26,0.632593156486463,APM
lovb,B_S,25,0.656799396457535,PTS_S
lovb,B_S,24,0.674744845901958,SE_S
lovb,B_S,23,0.699159931197127,SA_S
lovb,B_S,22,0.726680929605003,K_S
lovb,B_S,21,0.775144250425417,E_S
lovb,B_S,20,0.794571122771015,Dig_Att_Cnv_Pct
lovb,B_S,19,0.810889887473091,Kill_Rate_Rally_Point
lovb,B_S,18,0.825855210429408,Attack_Error_Rate_No_Blocks
lovb,B_S,17,0.840013344069964,K%
lovb,B_S,16,0.86153392739414,Eff
lovb,B_S,15,0.875400099772136,Blocked_Rate
lovb,B_S,14,0.88819969602799,AEV
lovb,B_S,13,0.895663185900938,SR_Hit_Avg
lovb,B_S,12,0.939077809053656,SR_Hit_Pct
lovb,B_S,11,0.946671399189389,Srv_Eff
lovb,B_S,10,0.953382482344012,Srv_Avg
lovb,B_S,9,0.957979901445163,Pct_Points_Won_On
lovb,B_S,8,0.961695575563276,Dig_Kill_Pct
lovb,B_S,7,0.964908335764932,AST_S
lovb,B_S,6,0.96839966985353,D_S
lovb,B_S,5,0.971715465212791,PSF
lovb,B_S,4,0.974362505652076,Transition_Hit_Avg
lovb,B_S,3,0.995924628419063,Transition_Hit_Pct
lovb,B_S,2,0.996934865524409,RE_S
lovb,B_S,1,0.999982202824481,Reception_Rate
lovb,B_S,0,1.0,Pass_Eff
lovb,PTS_S,29,0.271615283298187,NA
lovb,PTS_S,28,0.317666580826776,K_S
lovb,PTS_S,27,0.393559477146424,E_S
lovb,PTS_S,26,0.496519009209057,Kill_Rate_Rally_Point
lovb,PTS_S,25,0.520170374799783,D_S
lovb,PTS_S,24,0.541892452624398,SA_S
lovb,PTS_S,23,0.584224436330126,SE_S
lovb,PTS_S,22,0.614735983999902,RE_S
lovb,PTS_S,21,0.640426919936732,B_S
lovb,PTS_S,20,0.711315603650585,BT_S
lovb,PTS_S,19,0.749087610163454,Blocked_Rate
lovb,PTS_S,18,0.77742632898308,Dig_Rate
lovb,PTS_S,17,0.803878572706969,Attack_Error_Rate_No_Blocks
lovb,PTS_S,16,0.824650319335759,K%
lovb,PTS_S,15,0.83926254864278,Reception_Rate
lovb,PTS_S,14,0.856652052247763,AST_S
lovb,PTS_S,13,0.872567943323181,APM
lovb,PTS_S,12,0.888527753146143,Srv_Eff
lovb,PTS_S,11,0.919547144287418,Srv_Avg
lovb,PTS_S,10,0.939693941804286,AEV
lovb,PTS_S,9,0.948417524776853,Dig_Att_Cnv_Pct
lovb,PTS_S,8,0.953650377714758,Eff
lovb,PTS_S,7,0.959118015856403,SR_Hit_Avg
lovb,PTS_S,6,0.984902753040344,SR_Hit_Pct
lovb,PTS_S,5,0.990991899865612,Transition_Hit_Avg
lovb,PTS_S,4,0.999275936768433,Transition_Hit_Pct
lovb,PTS_S,3,0.999707333785135,Dig_Kill_Pct
lovb,PTS_S,2,0.999854980330101,Pct_Points_Won_On
lovb,PTS_S,1,0.999940548847966,PSF
lovb,PTS_S,0,1.0,Pass_Eff
lovb,K%,29,0.354792134881706,NA
lovb,K%,28,0.4433917950944,Eff
lovb,K%,27,0.473134555052944,SR_Hit_Avg
lovb,K%,26,0.622258699506578,SR_Hit_Pct
lovb,K%,25,0.645620884245205,Kill_Rate_Rally_Point
lovb,K%,24,0.66517852575764,Dig_Att_Cnv_Pct
lovb,K%,23,0.681388228463671,Transition_Hit_Avg
lovb,K%,22,0.74899514761963,Transition_Hit_Pct
lovb,K%,21,0.766408024438303,Pct_Points_Won_On
lovb,K%,20,0.781846493785608,E_S
lovb,K%,19,0.796570159895997,BT_S
lovb,K%,18,0.822962249876905,B_S
lovb,K%,17,0.841349556724662,Blocked_Rate
lovb,K%,16,0.860030854388295,RE_S
lovb,K%,15,0.874769245958586,Reception_Rate
lovb,K%,14,0.887935647539914,PTS_S
lovb,K%,13,0.912692259368362,K_S
lovb,K%,12,0.927895944990018,Dig_Rate
lovb,K%,11,0.940739378466214,SA_S
lovb,K%,10,0.982566032385815,SE_S
lovb,K%,9,0.987529098724985,Pass_Eff
lovb,K%,8,0.990320547874168,Srv_Eff
lovb,K%,7,0.992778229155184,APM
lovb,K%,6,0.995455022966477,PSF
lovb,K%,5,0.998716605469595,Srv_Avg
lovb,K%,4,0.999378411514716,D_S
lovb,K%,3,0.99968513433717,Dig_Kill_Pct
lovb,K%,2,0.999952698906705,AEV
lovb,K%,1,0.999999909269808,AST_S
lovb,K%,0,1.0,Attack_Error_Rate_No_Blocks
lovb,Eff,29,0.315853777677156,NA
lovb,Eff,28,0.394729645059117,K%
lovb,Eff,27,0.419344652481114,SR_Hit_Avg
lovb,Eff,26,0.567953872747201,SR_Hit_Pct
lovb,Eff,25,0.58942085871742,Blocked_Rate
lovb,Eff,24,0.617267237295192,E_S
lovb,Eff,23,0.635966885048716,Attack_Error_Rate_No_Blocks
lovb,Eff,22,0.656019200138781,BT_S
lovb,Eff,21,0.675411282539782,B_S
lovb,Eff,20,0.695802052012954,Transition_Hit_Pct
lovb,Eff,19,0.835421130173504,Transition_Hit_Avg
lovb,Eff,18,0.86349019007177,Pct_Points_Won_On
lovb,Eff,17,0.879404019355737,RE_S
lovb,Eff,16,0.893673386307885,AST_S
lovb,Eff,15,0.907121209518362,Reception_Rate
lovb,Eff,14,0.920557109607123,Dig_Att_Cnv_Pct
lovb,Eff,13,0.927933587761993,Dig_Rate
lovb,Eff,12,0.934854993032647,PTS_S
lovb,Eff,11,0.943038188502464,SA_S
lovb,Eff,10,0.955024408344523,SE_S
lovb,Eff,9,0.966591811623254,K_S
lovb,Eff,8,0.980695781995436,Kill_Rate_Rally_Point
lovb,Eff,7,0.988181667857165,D_S
lovb,Eff,6,0.994697251640066,Pass_Eff
lovb,Eff,5,0.997000996978831,PSF
lovb,Eff,4,0.998585113477378,Srv_Avg
lovb,Eff,3,0.999115135881025,APM
lovb,Eff,2,0.999654023922376,AEV
lovb,Eff,1,0.999998514710258,Dig_Kill_Pct
lovb,Eff,0,1.0,Srv_Eff
lovb,Pass_Eff,29,0.857608557437548,NA
lovb,Pass_Eff,28,0.871106121157125,Reception_Rate
lovb,Pass_Eff,27,0.885828606904949,AST_S
lovb,Pass_Eff,26,0.897368715486268,Dig_Rate
lovb,Pass_Eff,25,0.904231182006151,Pct_Points_Won_On
lovb,Pass_Eff,24,0.910914690737101,B_S
lovb,Pass_Eff,23,0.914800185921882,Transition_Hit_Pct
lovb,Pass_Eff,22,0.936981700138656,Transition_Hit_Avg
lovb,Pass_Eff,21,0.941449967805656,Eff
lovb,Pass_Eff,20,0.951605191590329,K%
lovb,Pass_Eff,19,0.957018345387593,Kill_Rate_Rally_Point
lovb,Pass_Eff,18,0.959357492049186,BT_S
lovb,Pass_Eff,17,0.961794371079016,SE_S
lovb,Pass_Eff,16,0.965382109437654,Srv_Avg
lovb,Pass_Eff,15,0.975968728841638,Srv_Eff
lovb,Pass_Eff,14,0.980597337365594,PSF
lovb,Pass_Eff,13,0.98388869220266,APM
lovb,Pass_Eff,12,0.989673445709567,D_S
lovb,Pass_Eff,11,0.991180382438739,Dig_Kill_Pct
lovb,Pass_Eff,10,0.992761252201789,AEV
lovb,Pass_Eff,9,0.993935934465177,Dig_Att_Cnv_Pct
lovb,Pass_Eff,8,0.99505234462789,Blocked_Rate
lovb,Pass_Eff,7,0.99607600182312,Attack_Error_Rate_No_Blocks
lovb,Pass_Eff,6,0.997013813950669,RE_S
lovb,Pass_Eff,5,0.997638410613381,PTS_S
lovb,Pass_Eff,4,0.998513781934363,SA_S
lovb,Pass_Eff,3,0.998684585371584,SR_Hit_Avg
lovb,Pass_Eff,2,0.999822788444952,SR_Hit_Pct
lovb,Pass_Eff,1,0.99999958499159,K_S
lovb,Pass_Eff,0,1.0,E_S
lovb,Srv_Eff,29,0.303415241270247,NA
lovb,Srv_Eff,28,0.587746734561445,Srv_Avg
lovb,Srv_Eff,27,0.814579669117008,SE_S
lovb,Srv_Eff,26,0.861089065272735,PSF
lovb,Srv_Eff,25,0.873873845987693,Pass_Eff
lovb,Srv_Eff,24,0.881140343088733,Dig_Att_Cnv_Pct
lovb,Srv_Eff,23,0.887632068410173,SA_S
lovb,Srv_Eff,22,0.896417732001618,AST_S
lovb,Srv_Eff,21,0.903375203380941,Blocked_Rate
lovb,Srv_Eff,20,0.910530469166934,D_S
lovb,Srv_Eff,19,0.914507179539984,Pct_Points_Won_On
lovb,Srv_Eff,18,0.918692075633276,APM
lovb,Srv_Eff,17,0.922637114114125,K%
lovb,Srv_Eff,16,0.92653096974013,BT_S
lovb,Srv_Eff,15,0.930198636207521,Dig_Rate
lovb,Srv_Eff,14,0.932807351962871,Dig_Kill_Pct
lovb,Srv_Eff,13,0.935713531564057,Kill_Rate_Rally_Point
lovb,Srv_Eff,12,0.938925467746205,E_S
lovb,Srv_Eff,11,0.943612741554321,PTS_S
lovb,Srv_Eff,10,0.970620922269016,K_S
lovb,Srv_Eff,9,0.985719400516028,B_S
lovb,Srv_Eff,8,0.991257622678219,Attack_Error_Rate_No_Blocks
lovb,Srv_Eff,7,0.995515999050445,AEV
lovb,Srv_Eff,6,0.997900945790333,Transition_Hit_Pct
lovb,Srv_Eff,5,0.998953918293127,RE_S
lovb,Srv_Eff,4,0.999464016122831,Reception_Rate
lovb,Srv_Eff,3,0.999808781958134,Transition_Hit_Avg
lovb,Srv_Eff,2,0.999996647509181,SR_Hit_Pct
lovb,Srv_Eff,1,0.999998514710258,SR_Hit_Avg
lovb,Srv_Eff,0,1.0,Eff
lovb,PSF,29,0.706114360661647,NA
lovb,PSF,28,0.721377221851755,Srv_Avg
lovb,PSF,27,0.752846950026842,Srv_Eff
lovb,PSF,26,0.78422243148605,SA_S
lovb,PSF,25,0.811680238990181,AST_S
lovb,PSF,24,0.834299255238942,D_S
lovb,PSF,23,0.849520458132329,Dig_Rate
lovb,PSF,22,0.869230433559679,Kill_Rate_Rally_Point
lovb,PSF,21,0.888088182213931,APM
lovb,PSF,20,0.923700742588806,Pct_Points_Won_On
lovb,PSF,19,0.940575843794,AEV
lovb,PSF,18,0.956329767855551,RE_S
lovb,PSF,17,0.966254835452006,Dig_Att_Cnv_Pct
lovb,PSF,16,0.973663827223646,Pass_Eff
lovb,PSF,15,0.97716332622661,Blocked_Rate
lovb,PSF,14,0.981960806260923,K%
lovb,PSF,13,0.984748799377372,Eff
lovb,PSF,12,0.987714523122567,Reception_Rate
lovb,PSF,11,0.990493963119078,Dig_Kill_Pct
lovb,PSF,10,0.991939506147684,B_S
lovb,PSF,9,0.993459073861914,SE_S
lovb,PSF,8,0.994704484853792,BT_S
lovb,PSF,7,0.995511384175825,Attack_Error_Rate_No_Blocks
lovb,PSF,6,0.996056799285836,Transition_Hit_Avg
lovb,PSF,5,0.999062645213708,Transition_Hit_Pct
lovb,PSF,4,0.99931415587204,PTS_S
lovb,PSF,3,0.99938801827817,SR_Hit_Pct
lovb,PSF,2,0.999553507257423,SR_Hit_Avg
lovb,PSF,1,0.999658869361851,K_S
lovb,PSF,0,1.0,E_S
lovb,AEV,29,0.889939621104714,NA
lovb,AEV,28,0.896426107401924,PSF
lovb,AEV,27,0.901416123257416,Dig_Kill_Pct
lovb,AEV,26,0.905131654189628,D_S
lovb,AEV,25,0.909434032072629,AST_S
lovb,AEV,24,0.913782291989837,Dig_Rate
lovb,AEV,23,0.9178469035485,RE_S
lovb,AEV,22,0.920534552479515,SA_S
lovb,AEV,21,0.926292515264864,SE_S
lovb,AEV,20,0.930439788521703,BT_S
lovb,AEV,19,0.934051525048978,B_S
lovb,AEV,18,0.93799779288805,Kill_Rate_Rally_Point
lovb,AEV,17,0.941565013465261,Dig_Att_Cnv_Pct
lovb,AEV,16,0.944417572633421,PTS_S
lovb,AEV,15,0.947384175785988,Pct_Points_Won_On
lovb,AEV,14,0.950462857542215,K_S
lovb,AEV,13,0.963735578582241,E_S
lovb,AEV,12,0.969210227840137,Attack_Error_Rate_No_Blocks
lovb,AEV,11,0.972189532483667,Reception_Rate
lovb,AEV,10,0.97572998756093,APM
lovb,AEV,9,0.978640499490238,Srv_Eff
lovb,AEV,8,0.981483530529722,Transition_Hit_Avg
lovb,AEV,7,0.992442739501947,Transition_Hit_Pct
lovb,AEV,6,0.994424802178666,Srv_Avg
lovb,AEV,5,0.995864651514647,Blocked_Rate
lovb,AEV,4,0.996881076910068,Pass_Eff
lovb,AEV,3,0.99804437037891,Eff
lovb,AEV,2,0.999359160058,K%
lovb,AEV,1,0.999647162501397,SR_Hit_Avg
lovb,AEV,0,1.0,SR_Hit_Pct
lovb,APM,29,0.403821974806842,NA
lovb,APM,28,0.617763233412131,Pct_Points_Won_On
lovb,APM,27,0.638134029613639,D_S
lovb,APM,26,0.664944457199912,Dig_Rate
lovb,APM,25,0.692289906271353,BT_S
lovb,APM,24,0.727734469222073,B_S
lovb,APM,23,0.761556153238406,RE_S
lovb,APM,22,0.791243182401153,PSF
lovb,APM,21,0.83533571984887,AST_S
lovb,APM,20,0.856831327674874,Dig_Att_Cnv_Pct
lovb,APM,19,0.874405835129322,Blocked_Rate
lovb,APM,18,0.888428686616023,Kill_Rate_Rally_Point
lovb,APM,17,0.903122509586456,Dig_Kill_Pct
lovb,APM,16,0.921015527346086,Reception_Rate
lovb,APM,15,0.931738031059507,K%
lovb,APM,14,0.941185321842055,SE_S
lovb,APM,13,0.949238397252223,PTS_S
lovb,APM,12,0.956750189155656,SA_S
lovb,APM,11,0.96266096868858,Pass_Eff
lovb,APM,10,0.9680602192249,AEV
lovb,APM,9,0.97059084834953,K_S
lovb,APM,8,0.972824943119744,E_S
lovb,APM,7,0.974695010789433,Srv_Avg
lovb,APM,6,0.992322343212125,Srv_Eff
lovb,APM,5,0.993717205619635,SR_Hit_Pct
lovb,APM,4,0.996194888189348,SR_Hit_Avg
lovb,APM,3,0.998420036148622,Eff
lovb,APM,2,0.998713240011037,Attack_Error_Rate_No_Blocks
lovb,APM,1,0.998922384371216,Transition_Hit_Avg
lovb,APM,0,1.0,Transition_Hit_Pct
lovb,SR_Hit_Pct,29,0.301239685216651,NA
lovb,SR_Hit_Pct,28,0.493443093232428,SR_Hit_Avg
lovb,SR_Hit_Pct,27,0.545131075660808,Eff
lovb,SR_Hit_Pct,26,0.716947326249207,K%
lovb,SR_Hit_Pct,25,0.765083065567665,Blocked_Rate
lovb,SR_Hit_Pct,24,0.801029548134969,E_S
lovb,SR_Hit_Pct,23,0.81888556980262,Attack_Error_Rate_No_Blocks
lovb,SR_Hit_Pct,22,0.835338643974852,BT_S
lovb,SR_Hit_Pct,21,0.853743232171907,Dig_Att_Cnv_Pct
lovb,SR_Hit_Pct,20,0.871341228943616,B_S
lovb,SR_Hit_Pct,19,0.886262437018883,PSF
lovb,SR_Hit_Pct,18,0.897000246111141,AST_S
lovb,SR_Hit_Pct,17,0.90818365166306,D_S
lovb,SR_Hit_Pct,16,0.915818770234151,Pct_Points_Won_On
lovb,SR_Hit_Pct,15,0.921979516370634,APM
lovb,SR_Hit_Pct,14,0.930569497429313,Dig_Rate
lovb,SR_Hit_Pct,13,0.934598951563362,AEV
lovb,SR_Hit_Pct,12,0.93863703153172,Dig_Kill_Pct
lovb,SR_Hit_Pct,11,0.942276280832338,SE_S
lovb,SR_Hit_Pct,10,0.950925650008767,SA_S
lovb,SR_Hit_Pct,9,0.959700410452187,PTS_S
lovb,SR_Hit_Pct,8,0.973118632764941,K_S
lovb,SR_Hit_Pct,7,0.978138078637063,Kill_Rate_Rally_Point
lovb,SR_Hit_Pct,6,0.981220379950706,Pass_Eff
lovb,SR_Hit_Pct,5,0.983690503158089,Transition_Hit_Avg
lovb,SR_Hit_Pct,4,0.996816789828698,Transition_Hit_Pct
lovb,SR_Hit_Pct,3,0.999780895755176,Srv_Avg
lovb,SR_Hit_Pct,2,0.999891782138815,Reception_Rate
lovb,SR_Hit_Pct,1,0.999980101172895,Srv_Eff
lovb,SR_Hit_Pct,0,1.0,RE_S
lovb,Transition_Hit_Pct,29,0.325729102663622,NA
lovb,Transition_Hit_Pct,28,0.627169330252766,Transition_Hit_Avg
lovb,Transition_Hit_Pct,27,0.664518433704921,Eff
lovb,Transition_Hit_Pct,26,0.771363229731378,K%
lovb,Transition_Hit_Pct,25,0.809911066991435,Attack_Error_Rate_No_Blocks
lovb,Transition_Hit_Pct,24,0.840450351553825,Pass_Eff
lovb,Transition_Hit_Pct,23,0.859472711554214,Blocked_Rate
lovb,Transition_Hit_Pct,22,0.878849053429856,E_S
lovb,Transition_Hit_Pct,21,0.893715187485791,Dig_Rate
lovb,Transition_Hit_Pct,20,0.90602497980463,D_S
lovb,Transition_Hit_Pct,19,0.91551304862465,AEV
lovb,Transition_Hit_Pct,18,0.92482260028395,BT_S
lovb,Transition_Hit_Pct,17,0.934389659980258,Pct_Points_Won_On
lovb,Transition_Hit_Pct,16,0.941187899081621,B_S
lovb,Transition_Hit_Pct,15,0.947343862646401,Reception_Rate
lovb,Transition_Hit_Pct,14,0.967924630530907,RE_S
lovb,Transition_Hit_Pct,13,0.971703510674112,SA_S
lovb,Transition_Hit_Pct,12,0.974085126486901,PSF
lovb,Transition_Hit_Pct,11,0.976636666086635,PTS_S
lovb,Transition_Hit_Pct,10,0.978900621488953,SR_Hit_Pct
lovb,Transition_Hit_Pct,9,0.986717686508323,SR_Hit_Avg
lovb,Transition_Hit_Pct,8,0.988385617279406,K_S
lovb,Transition_Hit_Pct,7,0.990708957008508,SE_S
lovb,Transition_Hit_Pct,6,0.992880151615295,Kill_Rate_Rally_Point
lovb,Transition_Hit_Pct,5,0.994281006760694,Srv_Avg
lovb,Transition_Hit_Pct,4,0.996040167351693,Srv_Eff
lovb,Transition_Hit_Pct,3,0.997682017398412,Dig_Att_Cnv_Pct
lovb,Transition_Hit_Pct,2,0.998791265760476,APM
lovb,Transition_Hit_Pct,1,0.999909265188696,Dig_Kill_Pct
lovb,Transition_Hit_Pct,0,1.0,AST_S
lovb,SR_Hit_Avg,29,0.299010145231257,NA
lovb,SR_Hit_Avg,28,0.489791014303694,SR_Hit_Pct
lovb,SR_Hit_Avg,27,0.54027038322466,Eff
lovb,SR_Hit_Avg,26,0.73059018228248,K%
lovb,SR_Hit_Avg,25,0.768943101397061,Blocked_Rate
lovb,SR_Hit_Avg,24,0.802794269349193,E_S
lovb,SR_Hit_Avg,23,0.822113780741395,Dig_Att_Cnv_Pct
lovb,SR_Hit_Avg,22,0.837596117830378,BT_S
lovb,SR_Hit_Avg,21,0.857703322351937,B_S
lovb,SR_Hit_Avg,20,0.870072150419077,Attack_Error_Rate_No_Blocks
lovb,SR_Hit_Avg,19,0.882563201322711,PSF
lovb,SR_Hit_Avg,18,0.89170258490289,RE_S
lovb,SR_Hit_Avg,17,0.901074783830266,AEV
lovb,SR_Hit_Avg,16,0.908704700054064,AST_S
lovb,SR_Hit_Avg,15,0.916190804005223,Pct_Points_Won_On
lovb,SR_Hit_Avg,14,0.921687700900193,D_S
lovb,SR_Hit_Avg,13,0.92706618546876,SE_S
lovb,SR_Hit_Avg,12,0.935011007374393,SA_S
lovb,SR_Hit_Avg,11,0.94576139158566,PTS_S
lovb,SR_Hit_Avg,10,0.959724506209669,K_S
lovb,SR_Hit_Avg,9,0.971381442422719,Kill_Rate_Rally_Point
lovb,SR_Hit_Avg,8,0.975890551654758,Dig_Kill_Pct
lovb,SR_Hit_Avg,7,0.97915244035265,Transition_Hit_Avg
lovb,SR_Hit_Avg,6,0.99217739815776,Transition_Hit_Pct
lovb,SR_Hit_Avg,5,0.995319798526889,APM
lovb,SR_Hit_Avg,4,0.99808230795868,Srv_Avg
lovb,SR_Hit_Avg,3,0.999170996955754,Pass_Eff
lovb,SR_Hit_Avg,2,0.999887570167556,Dig_Rate
lovb,SR_Hit_Avg,1,0.999996661145001,Reception_Rate
lovb,SR_Hit_Avg,0,1.0,Srv_Eff
lovb,Transition_Hit_Avg,29,0.333003948713013,NA
lovb,Transition_Hit_Avg,28,0.641176553700652,Transition_Hit_Pct
lovb,Transition_Hit_Avg,27,0.67556564416281,K%
lovb,Transition_Hit_Avg,26,0.788535814518319,Eff
lovb,Transition_Hit_Avg,25,0.822107888408246,Attack_Error_Rate_No_Blocks
lovb,Transition_Hit_Avg,24,0.85422193235792,Pass_Eff
lovb,Transition_Hit_Avg,23,0.867482813323339,Blocked_Rate
lovb,Transition_Hit_Avg,22,0.883977011067905,E_S
lovb,Transition_Hit_Avg,21,0.896800377368418,Dig_Rate
lovb,Transition_Hit_Avg,20,0.908433391862349,D_S
lovb,Transition_Hit_Avg,19,0.918559269620003,AEV
lovb,Transition_Hit_Avg,18,0.929030732342345,Pct_Points_Won_On
lovb,Transition_Hit_Avg,17,0.935573427014287,BT_S
lovb,Transition_Hit_Avg,16,0.940824124817162,Reception_Rate
lovb,Transition_Hit_Avg,15,0.955938067778266,RE_S
lovb,Transition_Hit_Avg,14,0.962571780262248,B_S
lovb,Transition_Hit_Avg,13,0.966077298166898,PSF
lovb,Transition_Hit_Avg,12,0.969620861186509,SA_S
lovb,Transition_Hit_Avg,11,0.972519444448776,PTS_S
lovb,Transition_Hit_Avg,10,0.974581867844626,K_S
lovb,Transition_Hit_Avg,9,0.976694382249893,SR_Hit_Pct
lovb,Transition_Hit_Avg,8,0.98658456268144,SR_Hit_Avg
lovb,Transition_Hit_Avg,7,0.989434124030163,SE_S
lovb,Transition_Hit_Avg,6,0.993620529583354,Kill_Rate_Rally_Point
lovb,Transition_Hit_Avg,5,0.996268199682189,Dig_Att_Cnv_Pct
lovb,Transition_Hit_Avg,4,0.99749106846754,Srv_Avg
lovb,Transition_Hit_Avg,3,0.998358125783896,APM
lovb,Transition_Hit_Avg,2,0.999346184214136,Dig_Kill_Pct
lovb,Transition_Hit_Avg,1,0.999758503639402,AST_S
lovb,Transition_Hit_Avg,0,1.0,Srv_Eff
lovb,Dig_Att_Cnv_Pct,29,0.782110811713871,NA
lovb,Dig_Att_Cnv_Pct,28,0.819182644444901,Dig_Rate
lovb,Dig_Att_Cnv_Pct,27,0.838456683810114,Dig_Kill_Pct
lovb,Dig_Att_Cnv_Pct,26,0.847905201152948,PSF
lovb,Dig_Att_Cnv_Pct,25,0.855687005624844,K%
lovb,Dig_Att_Cnv_Pct,24,0.862621871221317,SE_S
lovb,Dig_Att_Cnv_Pct,23,0.869637026040607,BT_S
lovb,Dig_Att_Cnv_Pct,22,0.882687435568246,B_S
lovb,Dig_Att_Cnv_Pct,21,0.896274202278619,APM
lovb,Dig_Att_Cnv_Pct,20,0.903732009133843,D_S
lovb,Dig_Att_Cnv_Pct,19,0.914936067139981,Pct_Points_Won_On
lovb,Dig_Att_Cnv_Pct,18,0.921096323380615,AST_S
lovb,Dig_Att_Cnv_Pct,17,0.926650238853835,Attack_Error_Rate_No_Blocks
lovb,Dig_Att_Cnv_Pct,16,0.931889392626609,Kill_Rate_Rally_Point
lovb,Dig_Att_Cnv_Pct,15,0.935126010253196,Reception_Rate
lovb,Dig_Att_Cnv_Pct,14,0.945527248881894,RE_S
lovb,Dig_Att_Cnv_Pct,13,0.948405000876715,PTS_S
lovb,Dig_Att_Cnv_Pct,12,0.952430259486846,SA_S
lovb,Dig_Att_Cnv_Pct,11,0.956072768430232,Eff
lovb,Dig_Att_Cnv_Pct,10,0.959647716237026,SR_Hit_Avg
lovb,Dig_Att_Cnv_Pct,9,0.983206494399357,SR_Hit_Pct
lovb,Dig_Att_Cnv_Pct,8,0.988633457185543,K_S
lovb,Dig_Att_Cnv_Pct,7,0.992730795482127,E_S
lovb,Dig_Att_Cnv_Pct,6,0.994548974452705,AEV
lovb,Dig_Att_Cnv_Pct,5,0.995957393642793,Transition_Hit_Avg
lovb,Dig_Att_Cnv_Pct,4,0.997943950293122,Transition_Hit_Pct
lovb,Dig_Att_Cnv_Pct,3,0.999222776738898,Pass_Eff
lovb,Dig_Att_Cnv_Pct,2,0.999733089090369,Srv_Avg
lovb,Dig_Att_Cnv_Pct,1,0.999973993604565,Srv_Eff
lovb,Dig_Att_Cnv_Pct,0,1.0,Blocked_Rate
lovb,Dig_Kill_Pct,29,0.865566753075774,NA
lovb,Dig_Kill_Pct,28,0.890114386313881,Dig_Att_Cnv_Pct
lovb,Dig_Kill_Pct,27,0.913046967400226,Pct_Points_Won_On
lovb,Dig_Kill_Pct,26,0.924429572657086,Reception_Rate
lovb,Dig_Kill_Pct,25,0.93550081259671,Attack_Error_Rate_No_Blocks
lovb,Dig_Kill_Pct,24,0.943983592593368,APM
lovb,Dig_Kill_Pct,23,0.95058884487912,AST_S
lovb,Dig_Kill_Pct,22,0.956132485643531,RE_S
lovb,Dig_Kill_Pct,21,0.960896705330313,BT_S
lovb,Dig_Kill_Pct,20,0.967787681895532,B_S
lovb,Dig_Kill_Pct,19,0.972372737909578,AEV
lovb,Dig_Kill_Pct,18,0.974025775668265,Blocked_Rate
lovb,Dig_Kill_Pct,17,0.975640456965349,SR_Hit_Avg
lovb,Dig_Kill_Pct,16,0.978183783997042,SR_Hit_Pct
lovb,Dig_Kill_Pct,15,0.980076053248074,D_S
lovb,Dig_Kill_Pct,14,0.981687520332518,Kill_Rate_Rally_Point
lovb,Dig_Kill_Pct,13,0.983945157461755,Dig_Rate
lovb,Dig_Kill_Pct,12,0.985449278372754,Eff
lovb,Dig_Kill_Pct,11,0.987454492974241,E_S
lovb,Dig_Kill_Pct,10,0.989098425844198,Pass_Eff
lovb,Dig_Kill_Pct,9,0.990454464673518,Srv_Avg
lovb,Dig_Kill_Pct,8,0.993995778522249,Srv_Eff
lovb,Dig_Kill_Pct,7,0.995737365384845,SA_S
lovb,Dig_Kill_Pct,6,0.998504535215616,PSF
lovb,Dig_Kill_Pct,5,0.99860042539707,Transition_Hit_Avg
lovb,Dig_Kill_Pct,4,0.999306876642071,Transition_Hit_Pct
lovb,Dig_Kill_Pct,3,0.999532257471227,K%
lovb,Dig_Kill_Pct,2,0.999600088242784,SE_S
lovb,Dig_Kill_Pct,1,0.99964961012524,K_S
lovb,Dig_Kill_Pct,0,1.0,PTS_S
lovb,Dig_Rate,29,0.479747682328618,NA
lovb,Dig_Rate,28,0.543142021648752,D_S
lovb,Dig_Rate,27,0.570764611002033,AST_S
lovb,Dig_Rate,26,0.598622651504694,Dig_Att_Cnv_Pct
lovb,Dig_Rate,25,0.623494341638063,Kill_Rate_Rally_Point
lovb,Dig_Rate,24,0.652164444500025,APM
lovb,Dig_Rate,23,0.681780084306611,B_S
lovb,Dig_Rate,22,0.722040800757865,BT_S
lovb,Dig_Rate,21,0.75014596620483,PSF
lovb,Dig_Rate,20,0.787010357478159,Pct_Points_Won_On
lovb,Dig_Rate,19,0.811917810660679,RE_S
lovb,Dig_Rate,18,0.852613064415059,Reception_Rate
lovb,Dig_Rate,17,0.86766121633789,PTS_S
lovb,Dig_Rate,16,0.877852196903151,Pass_Eff
lovb,Dig_Rate,15,0.884683839438883,K%
lovb,Dig_Rate,14,0.891602344186446,K_S
lovb,Dig_Rate,13,0.898540186952125,Attack_Error_Rate_No_Blocks
lovb,Dig_Rate,12,0.907067060130442,E_S
lovb,Dig_Rate,11,0.912823937720181,SE_S
lovb,Dig_Rate,10,0.923160196282922,SA_S
lovb,Dig_Rate,9,0.928502895750051,Blocked_Rate
lovb,Dig_Rate,8,0.932452583275194,Transition_Hit_Pct
lovb,Dig_Rate,7,0.95500935382113,Transition_Hit_Avg
lovb,Dig_Rate,6,0.978807061222888,Eff
lovb,Dig_Rate,5,0.982611807017974,Dig_Kill_Pct
lovb,Dig_Rate,4,0.985050042299268,Srv_Eff
lovb,Dig_Rate,3,0.999079029193316,Srv_Avg
lovb,Dig_Rate,2,0.999240472964844,SR_Hit_Avg
lovb,Dig_Rate,1,0.999927427568658,SR_Hit_Pct
lovb,Dig_Rate,0,1.0,AEV
lovb,Reception_Rate,29,0.530784487636865,NA
lovb,Reception_Rate,28,0.812681940500551,RE_S
lovb,Reception_Rate,27,0.834713586988308,AST_S
lovb,Reception_Rate,26,0.848220974254079,Dig_Kill_Pct
lovb,Reception_Rate,25,0.857782558626573,Dig_Rate
lovb,Reception_Rate,24,0.868489743048238,D_S
lovb,Reception_Rate,23,0.880833935381485,Kill_Rate_Rally_Point
lovb,Reception_Rate,22,0.892287501787875,Pass_Eff
lovb,Reception_Rate,21,0.901661369977488,APM
lovb,Reception_Rate,20,0.908883454807489,K%
lovb,Reception_Rate,19,0.915185305594908,Dig_Att_Cnv_Pct
lovb,Reception_Rate,18,0.92244733361643,BT_S
lovb,Reception_Rate,17,0.930500868713728,B_S
lovb,Reception_Rate,16,0.937453831419966,Eff
lovb,Reception_Rate,15,0.943340302165608,E_S
lovb,Reception_Rate,14,0.954306821966656,K_S
lovb,Reception_Rate,13,0.963474026386007,PTS_S
lovb,Reception_Rate,12,0.968330577025357,Transition_Hit_Pct
lovb,Reception_Rate,11,0.986747466429685,Transition_Hit_Avg
lovb,Reception_Rate,10,0.989257121722149,Attack_Error_Rate_No_Blocks
lovb,Reception_Rate,9,0.991867032783598,SE_S
lovb,Reception_Rate,8,0.993476105380739,PSF
lovb,Reception_Rate,7,0.995801882507595,Pct_Points_Won_On
lovb,Reception_Rate,6,0.997384474529461,AEV
lovb,Reception_Rate,5,0.998495342566266,SA_S
lovb,Reception_Rate,4,0.999165681673155,Srv_Eff
lovb,Reception_Rate,3,0.99979652695079,Blocked_Rate
lovb,Reception_Rate,2,0.999873204133762,Srv_Avg
lovb,Reception_Rate,1,0.999891847605072,SR_Hit_Pct
lovb,Reception_Rate,0,1.0,SR_Hit_Avg
lovb,Pct_Points_Won_On,29,0.490133065434254,NA
lovb,Pct_Points_Won_On,28,0.749801165351873,APM
lovb,Pct_Points_Won_On,27,0.774742232897504,Dig_Kill_Pct
lovb,Pct_Points_Won_On,26,0.797727169403191,D_S
lovb,Pct_Points_Won_On,25,0.812166656879637,PSF
lovb,Pct_Points_Won_On,24,0.824644791021655,Dig_Rate
lovb,Pct_Points_Won_On,23,0.843403748821262,AST_S
lovb,Pct_Points_Won_On,22,0.862026317079137,RE_S
lovb,Pct_Points_Won_On,21,0.874398881350855,BT_S
lovb,Pct_Points_Won_On,20,0.889586150938991,B_S
lovb,Pct_Points_Won_On,19,0.902830466586157,Dig_Att_Cnv_Pct
lovb,Pct_Points_Won_On,18,0.912907831080963,Blocked_Rate
lovb,Pct_Points_Won_On,17,0.923215249781194,Pass_Eff
lovb,Pct_Points_Won_On,16,0.931804471754878,Eff
lovb,Pct_Points_Won_On,15,0.938758738219514,AEV
lovb,Pct_Points_Won_On,14,0.941914899295927,SE_S
lovb,Pct_Points_Won_On,13,0.944962716405808,Srv_Avg
lovb,Pct_Points_Won_On,12,0.957964639417872,Srv_Eff
lovb,Pct_Points_Won_On,11,0.960792117458153,Reception_Rate
lovb,Pct_Points_Won_On,10,0.963898933722991,Kill_Rate_Rally_Point
lovb,Pct_Points_Won_On,9,0.966613234441977,SR_Hit_Avg
lovb,Pct_Points_Won_On,8,0.980001930195155,SR_Hit_Pct
lovb,Pct_Points_Won_On,7,0.986510270531502,K%
lovb,Pct_Points_Won_On,6,0.98865102331704,SA_S
lovb,Pct_Points_Won_On,5,0.990598880101601,E_S
lovb,Pct_Points_Won_On,4,0.991945571343227,Transition_Hit_Avg
lovb,Pct_Points_Won_On,3,0.99953686108178,Transition_Hit_Pct
lovb,Pct_Points_Won_On,2,0.9998796126691,K_S
lovb,Pct_Points_Won_On,1,0.999976239498292,PTS_S
lovb,Pct_Points_Won_On,0,1.0,Attack_Error_Rate_No_Blocks
lovb,Blocked_Rate,29,0.680412146752319,NA
lovb,Blocked_Rate,28,0.71318629044553,Attack_Error_Rate_No_Blocks
lovb,Blocked_Rate,27,0.730869043355575,E_S
lovb,Blocked_Rate,26,0.744449619101257,K%
lovb,Blocked_Rate,25,0.755854127055787,Dig_Rate
lovb,Blocked_Rate,24,0.764736357293937,SR_Hit_Pct
lovb,Blocked_Rate,23,0.781283352070043,SR_Hit_Avg
lovb,Blocked_Rate,22,0.813795378850351,Eff
lovb,Blocked_Rate,21,0.829309934512905,AST_S
lovb,Blocked_Rate,20,0.84004946924418,D_S
lovb,Blocked_Rate,19,0.852392435287715,APM
lovb,Blocked_Rate,18,0.871781823213434,Pct_Points_Won_On
lovb,Blocked_Rate,17,0.881731879698323,Transition_Hit_Pct
lovb,Blocked_Rate,16,0.911820064274838,Transition_Hit_Avg
lovb,Blocked_Rate,15,0.918376874775457,Kill_Rate_Rally_Point
lovb,Blocked_Rate,14,0.924297162810055,Dig_Kill_Pct
lovb,Blocked_Rate,13,0.929721802710977,K_S
lovb,Blocked_Rate,12,0.949691795855002,PTS_S
lovb,Blocked_Rate,11,0.956115655969662,SE_S
lovb,Blocked_Rate,10,0.960150724578952,B_S
lovb,Blocked_Rate,9,0.963630023984131,Srv_Eff
lovb,Blocked_Rate,8,0.989351435051419,Srv_Avg
lovb,Blocked_Rate,7,0.994320370074538,PSF
lovb,Blocked_Rate,6,0.996712274967969,Pass_Eff
lovb,Blocked_Rate,5,0.998126532488608,AEV
lovb,Blocked_Rate,4,0.999018159908088,BT_S
lovb,Blocked_Rate,3,0.999610500127477,Reception_Rate
lovb,Blocked_Rate,2,0.999930007447446,SA_S
lovb,Blocked_Rate,1,0.999973993604565,RE_S
lovb,Blocked_Rate,0,1.0,Dig_Att_Cnv_Pct
lovb,Srv_Avg,29,0.296721582662462,NA
lovb,Srv_Avg,28,0.574780424851608,Srv_Eff
lovb,Srv_Avg,27,0.78900817246396,SE_S
lovb,Srv_Avg,26,0.849601873255143,PSF
lovb,Srv_Avg,25,0.874956467504141,SA_S
lovb,Srv_Avg,24,0.890650006279056,Pass_Eff
lovb,Srv_Avg,23,0.898946154894244,AST_S
lovb,Srv_Avg,22,0.90743928852824,Dig_Att_Cnv_Pct
lovb,Srv_Avg,21,0.91448254758857,D_S
lovb,Srv_Avg,20,0.921346888995952,Blocked_Rate
lovb,Srv_Avg,19,0.926658314517277,Pct_Points_Won_On
lovb,Srv_Avg,18,0.931746909041123,APM
lovb,Srv_Avg,17,0.936669994952449,K%
lovb,Srv_Avg,16,0.940197652178909,Dig_Kill_Pct
lovb,Srv_Avg,15,0.943201391627162,Dig_Rate
lovb,Srv_Avg,14,0.947939271645556,Kill_Rate_Rally_Point
lovb,Srv_Avg,13,0.951788100682389,E_S
lovb,Srv_Avg,12,0.956892480619776,K_S
lovb,Srv_Avg,11,0.970395569465978,PTS_S
lovb,Srv_Avg,10,0.977753997198047,BT_S
lovb,Srv_Avg,9,0.98712180319267,B_S
lovb,Srv_Avg,8,0.992127624517275,Attack_Error_Rate_No_Blocks
lovb,Srv_Avg,7,0.99502259341376,Transition_Hit_Pct
lovb,Srv_Avg,6,0.996969923406216,AEV
lovb,Srv_Avg,5,0.997767143427525,Transition_Hit_Avg
lovb,Srv_Avg,4,0.998390284125106,RE_S
lovb,Srv_Avg,3,0.998788330777124,SR_Hit_Pct
lovb,Srv_Avg,2,0.999334746449679,SR_Hit_Avg
lovb,Srv_Avg,1,0.999930872202749,Eff
lovb,Srv_Avg,0,1.0,Reception_Rate
lovb,Attack_Error_Rate_No_Blocks,29,0.742255382124199,NA
lovb,Attack_Error_Rate_No_Blocks,28,0.778008395451358,Blocked_Rate
lovb,Attack_Error_Rate_No_Blocks,27,0.797335563236137,K%
lovb,Attack_Error_Rate_No_Blocks,26,0.821461596070522,Kill_Rate_Rally_Point
lovb,Attack_Error_Rate_No_Blocks,25,0.837232042416756,E_S
lovb,Attack_Error_Rate_No_Blocks,24,0.845754144568895,Dig_Kill_Pct
lovb,Attack_Error_Rate_No_Blocks,23,0.854542009450289,Eff
lovb,Attack_Error_Rate_No_Blocks,22,0.863482148267258,BT_S
lovb,Attack_Error_Rate_No_Blocks,21,0.872413397909376,Transition_Hit_Pct
lovb,Attack_Error_Rate_No_Blocks,20,0.911654377218918,Transition_Hit_Avg
lovb,Attack_Error_Rate_No_Blocks,19,0.920121593193239,SR_Hit_Pct
lovb,Attack_Error_Rate_No_Blocks,18,0.937522739386357,SR_Hit_Avg
lovb,Attack_Error_Rate_No_Blocks,17,0.945745730046913,AST_S
lovb,Attack_Error_Rate_No_Blocks,16,0.949260211279017,PTS_S
lovb,Attack_Error_Rate_No_Blocks,15,0.961985456586745,K_S
lovb,Attack_Error_Rate_No_Blocks,14,0.964849608974413,SA_S
lovb,Attack_Error_Rate_No_Blocks,13,0.972184495334247,SE_S
lovb,Attack_Error_Rate_No_Blocks,12,0.974913980400357,Dig_Rate
lovb,Attack_Error_Rate_No_Blocks,11,0.978947850342184,B_S
lovb,Attack_Error_Rate_No_Blocks,10,0.98500485171821,Dig_Att_Cnv_Pct
lovb,Attack_Error_Rate_No_Blocks,9,0.987745744230472,AEV
lovb,Attack_Error_Rate_No_Blocks,8,0.988786150954697,Reception_Rate
lovb,Attack_Error_Rate_No_Blocks,7,0.990625779272581,RE_S
lovb,Attack_Error_Rate_No_Blocks,6,0.991988832027328,Pass_Eff
lovb,Attack_Error_Rate_No_Blocks,5,0.992674280523953,Srv_Eff
lovb,Attack_Error_Rate_No_Blocks,4,0.998337696808725,Srv_Avg
lovb,Attack_Error_Rate_No_Blocks,3,0.99988783967802,PSF
lovb,Attack_Error_Rate_No_Blocks,2,0.999936357747078,APM
lovb,Attack_Error_Rate_No_Blocks,1,0.999976239498292,D_S
lovb,Attack_Error_Rate_No_Blocks,0,1.0,Pct_Points_Won_On
lovb,Kill_Rate_Rally_Point,29,0.456032371911186,NA
lovb,Kill_Rate_Rally_Point,28,0.476737333908398,K_S
lovb,Kill_Rate_Rally_Point,27,0.515947119135948,E_S
lovb,Kill_Rate_Rally_Point,26,0.650924618192685,PTS_S
lovb,Kill_Rate_Rally_Point,25,0.690156098278838,AST_S
lovb,Kill_Rate_Rally_Point,24,0.736978852959582,Attack_Error_Rate_No_Blocks
lovb,Kill_Rate_Rally_Point,23,0.779640628996095,Dig_Rate
lovb,Kill_Rate_Rally_Point,22,0.81458872708845,K%
lovb,Kill_Rate_Rally_Point,21,0.839320676920444,Blocked_Rate
lovb,Kill_Rate_Rally_Point,20,0.849581584094098,PSF
lovb,Kill_Rate_Rally_Point,19,0.863098314805857,D_S
lovb,Kill_Rate_Rally_Point,18,0.875742297493993,B_S
lovb,Kill_Rate_Rally_Point,17,0.889767197840505,APM
lovb,Kill_Rate_Rally_Point,16,0.897545418993579,BT_S
lovb,Kill_Rate_Rally_Point,15,0.904827882872674,SA_S
lovb,Kill_Rate_Rally_Point,14,0.92706395116992,SE_S
lovb,Kill_Rate_Rally_Point,13,0.939383388854648,Dig_Att_Cnv_Pct
lovb,Kill_Rate_Rally_Point,12,0.945026597641329,Srv_Eff
lovb,Kill_Rate_Rally_Point,11,0.972407644059103,Srv_Avg
lovb,Kill_Rate_Rally_Point,10,0.976334909838652,Dig_Kill_Pct
lovb,Kill_Rate_Rally_Point,9,0.980163331001683,Eff
lovb,Kill_Rate_Rally_Point,8,0.983152130103644,Transition_Hit_Avg
lovb,Kill_Rate_Rally_Point,7,0.985792291701292,SR_Hit_Avg
lovb,Kill_Rate_Rally_Point,6,0.99205252388282,SR_Hit_Pct
lovb,Kill_Rate_Rally_Point,5,0.993923382870243,Pass_Eff
lovb,Kill_Rate_Rally_Point,4,0.995868283640294,Pct_Points_Won_On
lovb,Kill_Rate_Rally_Point,3,0.997253390680133,AEV
lovb,Kill_Rate_Rally_Point,2,0.998731008317313,Transition_Hit_Pct
lovb,Kill_Rate_Rally_Point,1,0.999972266346187,Reception_Rate
lovb,Kill_Rate_Rally_Point,0,1.0,RE_S
au,K_S,16,0.212767349988038,NA
au,K_S,15,0.32349434229637,PTS_S
au,K_S,14,0.537449274998743,E_S
au,K_S,13,0.599511441032187,AST_S
au,K_S,12,0.671370246810774,RE_S
au,K_S,11,0.723853877753993,D_S
au,K_S,10,0.754391452944232,B_S
au,K_S,9,0.763728445422576,Blocked_Rate
au,K_S,8,0.77157508253573,BT_S
au,K_S,7,0.781073358294388,SE_S
au,K_S,6,0.908505912767469,SA_S
au,K_S,5,0.942306995336743,Attack_Error_Rate_No_Blocks
au,K_S,4,0.955838961179883,Srv_Eff
au,K_S,3,0.966670337843194,Srv_Avg
au,K_S,2,0.98156033243753,K%
au,K_S,1,0.993052070323545,Eff
au,K_S,0,1.0,Pass_Eff
au,E_S,16,0.285488998884668,NA
au,E_S,15,0.320299585642069,K_S
au,E_S,14,0.513702284045921,PTS_S
au,E_S,13,0.562932959765612,AST_S
au,E_S,12,0.613763749243435,Blocked_Rate
au,E_S,11,0.66643911111189,RE_S
au,E_S,10,0.694374068544391,D_S
au,E_S,9,0.717266903648963,SE_S
au,E_S,8,0.775202532785322,SA_S
au,E_S,7,0.818184230636896,Attack_Error_Rate_No_Blocks
au,E_S,6,0.872196312121148,B_S
au,E_S,5,0.911857377484387,Eff
au,E_S,4,0.931610245692278,BT_S
au,E_S,3,0.946419317685435,Srv_Eff
au,E_S,2,0.991412194440633,Srv_Avg
au,E_S,1,0.999997640822031,K%
au,E_S,0,1.0,Pass_Eff
au,AST_S,16,0.447604170911446,NA
au,AST_S,15,0.666189492887659,D_S
au,AST_S,14,0.707712193458036,Blocked_Rate
au,AST_S,13,0.745790278416335,Pass_Eff
au,AST_S,12,0.77663085692778,Eff
au,AST_S,11,0.80054357349057,B_S
au,AST_S,10,0.818846933447561,E_S
au,AST_S,9,0.844121713541548,Attack_Error_Rate_No_Blocks
au,AST_S,8,0.859124712651764,PTS_S
au,AST_S,7,0.926406692430862,K_S
au,AST_S,6,0.932700295484613,Srv_Eff
au,AST_S,5,0.945123713495151,Srv_Avg
au,AST_S,4,0.989549236407994,SE_S
au,AST_S,3,0.996949412486492,SA_S
au,AST_S,2,0.999916991340979,RE_S
au,AST_S,1,0.999999979616024,K%
au,AST_S,0,1.0,BT_S
au,SA_S,16,0.166138912035929,NA
au,SA_S,15,0.570651775846363,SE_S
au,SA_S,14,0.617651725529912,Srv_Avg
au,SA_S,13,0.644541014312018,AST_S
au,SA_S,12,0.669879369811698,Srv_Eff
au,SA_S,11,0.689136998816057,PTS_S
au,SA_S,10,0.707181180166662,B_S
au,SA_S,9,0.740902429017181,BT_S
au,SA_S,8,0.772706203096865,K_S
au,SA_S,7,0.846517397823747,E_S
au,SA_S,6,0.881197293574984,Attack_Error_Rate_No_Blocks
au,SA_S,5,0.909894854739706,Pass_Eff
au,SA_S,4,0.925977301982696,RE_S
au,SA_S,3,0.934083303656942,K%
au,SA_S,2,0.990303650245059,Eff
au,SA_S,1,0.996392640336574,D_S
au,SA_S,0,1.0,Blocked_Rate
au,SE_S,16,0.105026584368291,NA
au,SE_S,15,0.360743947016349,SA_S
au,SE_S,14,0.418588221541152,Srv_Eff
au,SE_S,13,0.571586760318096,Srv_Avg
au,SE_S,12,0.614602283891563,Attack_Error_Rate_No_Blocks
au,SE_S,11,0.6514903372797,E_S
au,SE_S,10,0.670583781497574,BT_S
au,SE_S,9,0.696879954189827,B_S
au,SE_S,8,0.730113967780324,PTS_S
au,SE_S,7,0.878000546796845,K_S
au,SE_S,6,0.909799861259369,Pass_Eff
au,SE_S,5,0.930551596109629,K%
au,SE_S,4,0.953130765344186,Eff
au,SE_S,3,0.984127504239774,D_S
au,SE_S,2,0.994492835804434,AST_S
au,SE_S,1,0.997766615916502,Blocked_Rate
au,SE_S,0,1.0,RE_S
au,RE_S,16,0.655498620628543,NA
au,RE_S,15,0.71112477034245,D_S
au,RE_S,14,0.763251794055992,BT_S
au,RE_S,13,0.852073722973066,B_S
au,RE_S,12,0.862152491233082,E_S
au,RE_S,11,0.882507078905224,K_S
au,RE_S,10,0.944360711999368,PTS_S
au,RE_S,9,0.957089325325888,K%
au,RE_S,8,0.98948812452986,Eff
au,RE_S,7,0.990997858083602,AST_S
au,RE_S,6,0.992789293160969,Attack_Error_Rate_No_Blocks
au,RE_S,5,0.994313906361327,Blocked_Rate
au,RE_S,4,0.994854269121797,Srv_Avg
au,RE_S,3,0.995390364588057,SA_S
au,RE_S,2,0.999959056969924,SE_S
au,RE_S,1,0.999985952416536,Pass_Eff
au,RE_S,0,1.0,Srv_Eff
au,D_S,16,0.44742745579359,NA
au,D_S,15,0.66592647980065,AST_S
au,D_S,14,0.703709602360035,B_S
au,D_S,13,0.761851763942009,RE_S
au,D_S,12,0.79739882092075,Blocked_Rate
au,D_S,11,0.852692567717489,K%
au,D_S,10,0.885950846085369,BT_S
au,D_S,9,0.902498661305252,Attack_Error_Rate_No_Blocks
au,D_S,8,0.911594397936347,Eff
au,D_S,7,0.918474362261383,SA_S
au,D_S,6,0.926888780026034,E_S
au,D_S,5,0.938088554215256,K_S
au,D_S,4,0.943304819088225,PTS_S
au,D_S,3,0.946603314500514,Srv_Eff
au,D_S,2,0.967018686703678,Srv_Avg
au,D_S,1,0.994921195156862,SE_S
au,D_S,0,1.0,Pass_Eff
au,BT_S,16,0.62480621383829,NA
au,BT_S,15,0.664644379679473,B_S
au,BT_S,14,0.725784617469501,RE_S
au,BT_S,13,0.760877165277238,D_S
au,BT_S,12,0.776058359850287,SE_S
au,BT_S,11,0.806081270326998,SA_S
au,BT_S,10,0.827766088643304,Pass_Eff
au,BT_S,9,0.846605530989344,PTS_S
au,BT_S,8,0.874623689607051,K_S
au,BT_S,7,0.888800119442838,E_S
au,BT_S,6,0.902711857972214,Blocked_Rate
au,BT_S,5,0.916520904700343,K%
au,BT_S,4,0.972711729366464,Eff
au,BT_S,3,0.985420099776864,Srv_Eff
au,BT_S,2,0.994959344736662,Srv_Avg
au,BT_S,1,0.999999979616024,Attack_Error_Rate_No_Blocks
au,BT_S,0,1.0,AST_S
au,B_S,16,0.474036197448199,NA
au,B_S,15,0.519579237995004,PTS_S
au,B_S,14,0.558567107155558,BT_S
au,B_S,13,0.603216763338267,K_S
au,B_S,12,0.628295044091928,RE_S
au,B_S,11,0.66668084385796,D_S
au,B_S,10,0.685898914361167,AST_S
au,B_S,9,0.70162238518337,Blocked_Rate
au,B_S,8,0.721870758118506,K%
au,B_S,7,0.753427255684995,Eff
au,B_S,6,0.765825167364432,SA_S
au,B_S,5,0.847292076392437,SE_S
au,B_S,4,0.885144016519267,E_S
au,B_S,3,0.914515829661602,Attack_Error_Rate_No_Blocks
au,B_S,2,0.941768226566222,Pass_Eff
au,B_S,1,0.96569342856885,Srv_Eff
au,B_S,0,1.0,Srv_Avg
au,PTS_S,16,0.190926963939036,NA
au,PTS_S,15,0.290287925424524,K_S
au,PTS_S,14,0.465569039131296,E_S
au,PTS_S,13,0.542688634565358,B_S
au,PTS_S,12,0.617460213345788,AST_S
au,PTS_S,11,0.668731217535041,RE_S
au,PTS_S,10,0.689785267266321,D_S
au,PTS_S,9,0.70110913936031,SA_S
au,PTS_S,8,0.825841462795915,SE_S
au,PTS_S,7,0.8700128011426,BT_S
au,PTS_S,6,0.911345700888246,Attack_Error_Rate_No_Blocks
au,PTS_S,5,0.929537038658354,Srv_Eff
au,PTS_S,4,0.943367130725687,Blocked_Rate
au,PTS_S,3,0.959031978412456,K%
au,PTS_S,2,0.977598366040928,Eff
au,PTS_S,1,0.988424354911301,Srv_Avg
au,PTS_S,0,1.0,Pass_Eff
au,K%,16,0.259394611121924,NA
au,K%,15,0.679307890677794,Eff
au,K%,14,0.70768066818378,E_S
au,K%,13,0.744584761243951,Attack_Error_Rate_No_Blocks
au,K%,12,0.77790597451735,D_S
au,K%,11,0.811690525835071,Blocked_Rate
au,K%,10,0.843306895067928,Pass_Eff
au,K%,9,0.86449690613539,RE_S
au,K%,8,0.886861121443469,B_S
au,K%,7,0.915755606518295,BT_S
au,K%,6,0.928823224143418,SA_S
au,K%,5,0.95094695432464,SE_S
au,K%,4,0.963858507149683,PTS_S
au,K%,3,0.992062159000565,K_S
au,K%,2,0.998086358616023,Srv_Eff
au,K%,1,0.999923651064024,Srv_Avg
au,K%,0,1.0,AST_S
au,Eff,16,0.213217681771804,NA
au,Eff,15,0.558378807613445,K%
au,Eff,14,0.626535797318054,Attack_Error_Rate_No_Blocks
au,Eff,13,0.688682099444655,E_S
au,Eff,12,0.809283121235015,Blocked_Rate
au,Eff,11,0.850536927260808,AST_S
au,Eff,10,0.885218977013211,Pass_Eff
au,Eff,9,0.899504936427253,RE_S
au,Eff,8,0.91270364799226,SA_S
au,Eff,7,0.923576236617159,BT_S
au,Eff,6,0.936832285580647,SE_S
au,Eff,5,0.948165997920518,B_S
au,Eff,4,0.970672030107839,D_S
au,Eff,3,0.977943827336975,PTS_S
au,Eff,2,0.994384091969574,K_S
au,Eff,1,0.99893136760247,Srv_Avg
au,Eff,0,1.0,Srv_Eff
au,Pass_Eff,16,0.795251161347255,NA
au,Pass_Eff,15,0.855730573589825,AST_S
au,Pass_Eff,14,0.878495825238764,BT_S
au,Pass_Eff,13,0.882873130626827,B_S
au,Pass_Eff,12,0.886523095217383,K%
au,Pass_Eff,11,0.917383498234879,Eff
au,Pass_Eff,10,0.923355119663911,E_S
au,Pass_Eff,9,0.927950494088793,Blocked_Rate
au,Pass_Eff,8,0.933083466450517,SA_S
au,Pass_Eff,7,0.980681593427643,SE_S
au,Pass_Eff,6,0.984615301352094,PTS_S
au,Pass_Eff,5,0.990527444359408,K_S
au,Pass_Eff,4,0.9942194196323,D_S
au,Pass_Eff,3,0.997991181291742,Srv_Eff
au,Pass_Eff,2,0.999538547030307,Srv_Avg
au,Pass_Eff,1,0.999970516213285,Attack_Error_Rate_No_Blocks
au,Pass_Eff,0,1.0,RE_S
au,Srv_Eff,16,0.170537589739699,NA
au,Srv_Eff,15,0.233895688785891,Srv_Avg
au,Srv_Eff,14,0.782863811463591,SE_S
au,Srv_Eff,13,0.83591770945275,Attack_Error_Rate_No_Blocks
au,Srv_Eff,12,0.859734912189151,E_S
au,Srv_Eff,11,0.877697823690107,SA_S
au,Srv_Eff,10,0.888058799064236,AST_S
au,Srv_Eff,9,0.913710490038235,D_S
au,Srv_Eff,8,0.929506715381848,B_S
au,Srv_Eff,7,0.94513721392081,Eff
au,Srv_Eff,6,0.957769390236553,Blocked_Rate
au,Srv_Eff,5,0.964396058588458,BT_S
au,Srv_Eff,4,0.966520709206616,PTS_S
au,Srv_Eff,3,0.991724397412394,K_S
au,Srv_Eff,2,0.995326250138584,K%
au,Srv_Eff,1,0.999985952416536,Pass_Eff
au,Srv_Eff,0,1.0,RE_S
au,Blocked_Rate,16,0.621187200592009,NA
au,Blocked_Rate,15,0.714648288633255,Eff
au,Blocked_Rate,14,0.808685122162822,E_S
au,Blocked_Rate,13,0.868218264406947,AST_S
au,Blocked_Rate,12,0.908183417279255,K%
au,Blocked_Rate,11,0.933770215270052,D_S
au,Blocked_Rate,10,0.945205169486737,B_S
au,Blocked_Rate,9,0.958950342052066,Attack_Error_Rate_No_Blocks
au,Blocked_Rate,8,0.964587831316824,Pass_Eff
au,Blocked_Rate,7,0.969694876784893,SA_S
au,Blocked_Rate,6,0.97550180936456,SE_S
au,Blocked_Rate,5,0.978795890382992,Srv_Avg
au,Blocked_Rate,4,0.990298414949984,Srv_Eff
au,Blocked_Rate,3,0.991155736917433,BT_S
au,Blocked_Rate,2,0.991820836662162,PTS_S
au,Blocked_Rate,1,0.998703421672515,K_S
au,Blocked_Rate,0,1.0,RE_S
au,Srv_Avg,16,0.176863851401159,NA
au,Srv_Avg,15,0.242572282204418,Srv_Eff
au,Srv_Avg,14,0.761072271647146,SE_S
au,Srv_Avg,13,0.833945345283839,SA_S
au,Srv_Avg,12,0.876393543278853,Attack_Error_Rate_No_Blocks
au,Srv_Avg,11,0.89912755942612,E_S
au,Srv_Avg,10,0.91241965350557,AST_S
au,Srv_Avg,9,0.935900620221883,D_S
au,Srv_Avg,8,0.950174421294709,Eff
au,Srv_Avg,7,0.963136265118944,B_S
au,Srv_Avg,6,0.978582883659856,Blocked_Rate
au,Srv_Avg,5,0.9821046349613,BT_S
au,Srv_Avg,4,0.985052622408421,K_S
au,Srv_Avg,3,0.996769200194385,PTS_S
au,Srv_Avg,2,0.99795032773941,Pass_Eff
au,Srv_Avg,1,0.999607419047499,K%
au,Srv_Avg,0,1.0,RE_S
au,Attack_Error_Rate_No_Blocks,16,0.617505344548729,NA
au,Attack_Error_Rate_No_Blocks,15,0.697478880027092,Eff
au,Attack_Error_Rate_No_Blocks,14,0.75212344061163,E_S
au,Attack_Error_Rate_No_Blocks,13,0.791345132955301,K%
au,Attack_Error_Rate_No_Blocks,12,0.80339296791021,AST_S
au,Attack_Error_Rate_No_Blocks,11,0.813981897780786,SE_S
au,Attack_Error_Rate_No_Blocks,10,0.824199955221934,SA_S
au,Attack_Error_Rate_No_Blocks,9,0.837200885988833,B_S
au,Attack_Error_Rate_No_Blocks,8,0.846245677292604,Srv_Eff
au,Attack_Error_Rate_No_Blocks,7,0.922231687619017,Srv_Avg
au,Attack_Error_Rate_No_Blocks,6,0.938374400288453,D_S
au,Attack_Error_Rate_No_Blocks,5,0.957749040478472,Blocked_Rate
au,Attack_Error_Rate_No_Blocks,4,0.961688675031848,PTS_S
au,Attack_Error_Rate_No_Blocks,3,0.989845234625199,K_S
au,Attack_Error_Rate_No_Blocks,2,0.996817407154473,BT_S
au,Attack_Error_Rate_No_Blocks,1,0.999580962202607,RE_S
au,Attack_Error_Rate_No_Blocks,0,1.0,Pass_Eff
